Log file open, 02/07/25 23:52:14
LogWindows: Failed to load 'aqProf.dll' (GetLastError=126)
LogWindows: File 'aqProf.dll' does not exist
LogWindows: Failed to load 'VtuneApi.dll' (GetLastError=126)
LogWindows: File 'VtuneApi.dll' does not exist
LogWindows: Failed to load 'VtuneApi32e.dll' (GetLastError=126)
LogWindows: File 'VtuneApi32e.dll' does not exist
LogConsoleResponse: Display: Failed to find resolution value strings in scalability ini. Falling back to default.
LogConsoleResponse: Display: Failed to find resolution value strings in scalability ini. Falling back to default.
LogInit: Display: Running engine for game: ProjectHellInsurance
LogPlatformFile: Not using cached read wrapper
LogTaskGraph: Started task graph with 5 named threads and 11 total threads with 3 sets of task threads.
LogStats: Stats thread started at 1.653966
LogICUInternationalization: ICU TimeZone Detection - Raw Offset: -5:00, Platform Override: ''
LogInit: Display: Loading text-based GConfig....
LogPluginManager: Mounting plugin MeshPainting
LogPluginManager: Mounting plugin XGEController
LogPluginManager: Mounting plugin Paper2D
LogPluginManager: Mounting plugin AISupport
LogPluginManager: Mounting plugin LightPropagationVolume
LogPluginManager: Mounting plugin EnvironmentQueryEditor
LogPluginManager: Mounting plugin LiveLink
LogPluginManager: Mounting plugin CameraShakePreviewer
LogPluginManager: Mounting plugin GameplayCameras
LogPluginManager: Mounting plugin OodleData
LogPluginManager: Mounting plugin OodleNetwork
LogPluginManager: Mounting plugin AnimationSharing
LogPluginManager: Mounting plugin CLionSourceCodeAccess
LogPluginManager: Mounting plugin CodeLiteSourceCodeAccess
LogPluginManager: Mounting plugin GitSourceControl
LogPluginManager: Mounting plugin KDevelopSourceCodeAccess
LogPluginManager: Mounting plugin NullSourceCodeAccess
LogPluginManager: Mounting plugin PerforceSourceControl
LogPluginManager: Mounting plugin PixWinPlugin
LogPluginManager: Mounting plugin PlasticSourceControl
LogPluginManager: Mounting plugin PluginUtils
LogPluginManager: Mounting plugin PropertyAccessNode
LogPluginManager: Mounting plugin RiderSourceCodeAccess
LogPluginManager: Mounting plugin SubversionSourceControl
LogPluginManager: Mounting plugin TextureFormatOodle
LogPluginManager: Mounting plugin UObjectPlugin
LogPluginManager: Mounting plugin VisualStudioCodeSourceCodeAccess
LogPluginManager: Mounting plugin AssetManagerEditor
LogPluginManager: Mounting plugin VisualStudioSourceCodeAccess
LogPluginManager: Mounting plugin XCodeSourceCodeAccess
LogPluginManager: Mounting plugin CryptoKeys
LogPluginManager: Mounting plugin CurveEditorTools
LogPluginManager: Mounting plugin DataValidation
LogPluginManager: Mounting plugin FacialAnimation
LogPluginManager: Mounting plugin GameplayTagsEditor
LogPluginManager: Mounting plugin GeometryMode
LogPluginManager: Mounting plugin DatasmithContent
LogPluginManager: Mounting plugin MacGraphicsSwitching
LogPluginManager: Mounting plugin MaterialAnalyzer
LogPluginManager: Mounting plugin MobileLauncherProfileWizard
LogPluginManager: Mounting plugin PluginBrowser
LogPluginManager: Mounting plugin SpeedTreeImporter
LogPluginManager: Mounting plugin VariantManagerContent
LogPluginManager: Mounting plugin Niagara
LogPluginManager: Mounting plugin AlembicImporter
LogPluginManager: Mounting plugin AutomationUtils
LogPluginManager: Mounting plugin BackChannel
LogPluginManager: Mounting plugin ChaosCloth
LogPluginManager: Mounting plugin ChaosClothEditor
LogPluginManager: Mounting plugin ChaosEditor
LogPluginManager: Mounting plugin ChaosNiagara
LogPluginManager: Mounting plugin ChaosSolverPlugin
LogPluginManager: Mounting plugin CharacterAI
LogPluginManager: Mounting plugin GeometryCache
LogPluginManager: Mounting plugin GeometryCollectionPlugin
LogPluginManager: Mounting plugin GeometryProcessing
LogPluginManager: Mounting plugin MotoSynth
LogPluginManager: Mounting plugin OpenImageDenoise
LogPluginManager: Mounting plugin LuminPlatformFeatures
LogPluginManager: Mounting plugin PlanarCut
LogPluginManager: Mounting plugin PlatformCrypto
LogPluginManager: Mounting plugin ProxyLODPlugin
LogPluginManager: Mounting plugin MagicLeap
LogPluginManager: Mounting plugin PythonScriptPlugin
LogPluginManager: Mounting plugin SkeletalReduction
LogPluginManager: Mounting plugin MagicLeapLightEstimation
LogPluginManager: Mounting plugin MagicLeapMedia
LogPluginManager: Mounting plugin MagicLeapPassableWorld
LogPluginManager: Mounting plugin MLSDK
LogPluginManager: Mounting plugin AvfMedia
LogPluginManager: Mounting plugin AndroidMedia
LogPluginManager: Mounting plugin ImgMedia
LogPluginManager: Mounting plugin MediaCompositing
LogPluginManager: Mounting plugin MediaPlayerEditor
LogPluginManager: Mounting plugin WebMMedia
LogPluginManager: Mounting plugin WmfMedia
LogPluginManager: Mounting plugin TcpMessaging
LogPluginManager: Mounting plugin UdpMessaging
LogPluginManager: Mounting plugin ActorSequence
LogPluginManager: Mounting plugin LevelSequenceEditor
LogPluginManager: Mounting plugin MatineeToLevelSequence
LogPluginManager: Mounting plugin TemplateSequence
LogPluginManager: Mounting plugin OnlineSubsystem
LogPluginManager: Mounting plugin OnlineSubsystemNull
LogPluginManager: Mounting plugin OnlineSubsystemUtils
LogPluginManager: Mounting plugin LauncherChunkInstaller
LogPluginManager: Mounting plugin ActorLayerUtilities
LogPluginManager: Mounting plugin AndroidDeviceProfileSelector
LogPluginManager: Mounting plugin AndroidMoviePlayer
LogPluginManager: Mounting plugin AndroidPermission
LogPluginManager: Mounting plugin AppleImageUtils
LogPluginManager: Mounting plugin AppleMoviePlayer
LogPluginManager: Mounting plugin ArchVisCharacter
LogPluginManager: Mounting plugin AssetTags
LogPluginManager: Mounting plugin AudioCapture
LogPluginManager: Mounting plugin AudioSynesthesia
LogPluginManager: Mounting plugin CableComponent
LogPluginManager: Mounting plugin ChunkDownloader
LogPluginManager: Mounting plugin CustomMeshComponent
LogPluginManager: Mounting plugin EditableMesh
LogPluginManager: Mounting plugin ExampleDeviceProfileSelector
LogPluginManager: Mounting plugin GoogleCloudMessaging
LogPluginManager: Mounting plugin GooglePAD
LogPluginManager: Mounting plugin IOSDeviceProfileSelector
LogPluginManager: Mounting plugin LinuxDeviceProfileSelector
LogPluginManager: Mounting plugin LocationServicesBPLibrary
LogPluginManager: Mounting plugin MobilePatchingUtils
LogPluginManager: Mounting plugin OpenXR
LogPluginManager: Mounting plugin OpenXREyeTracker
LogPluginManager: Mounting plugin OpenXRHandTracking
LogPluginManager: Mounting plugin PhysXVehicles
LogPluginManager: Mounting plugin ScreenshotTools
LogPluginManager: Mounting plugin PostSplashScreen
LogPluginManager: Mounting plugin ProceduralMeshComponent
LogPluginManager: Mounting plugin PropertyAccessEditor
LogPluginManager: Mounting plugin RuntimePhysXCooking
LogPluginManager: Mounting plugin SignificanceManager
LogPluginManager: Mounting plugin SoundFields
LogPluginManager: Mounting plugin Synthesis
LogPluginManager: Mounting plugin WebMMoviePlayer
LogPluginManager: Mounting plugin WindowsMoviePlayer
LogPluginManager: Mounting plugin Takes
LogPluginManager: Mounting plugin ContentBrowserAssetDataSource
LogPluginManager: Mounting plugin ContentBrowserClassDataSource
LogPluginManager: Mounting plugin ContentBrowserFileDataSource
LogPluginManager: Mounting plugin OnlineSubsystemGooglePlay
LogPluginManager: Mounting plugin OnlineSubsystemIOS
LogPluginManager: Mounting plugin OculusVR
LogPluginManager: Mounting plugin SteamVR
PixWinPlugin: PIX capture plugin failed to initialize! Check that the process is launched from PIX.
LogInit: Using libcurl 7.55.1-DEV
LogInit:  - built for x86_64-pc-win32
LogInit:  - supports SSL with OpenSSL/1.1.1
LogInit:  - supports HTTP deflate (compression) using libz 1.2.8
LogInit:  - other features:
LogInit:      CURL_VERSION_SSL
LogInit:      CURL_VERSION_LIBZ
LogInit:      CURL_VERSION_IPV6
LogInit:      CURL_VERSION_ASYNCHDNS
LogInit:      CURL_VERSION_LARGEFILE
LogInit:      CURL_VERSION_IDN
LogInit:  CurlRequestOptions (configurable via config and command line):
LogInit:  - bVerifyPeer = true  - Libcurl will verify peer certificate
LogInit:  - bUseHttpProxy = false  - Libcurl will NOT use HTTP proxy
LogInit:  - bDontReuseConnections = false  - Libcurl will reuse connections
LogInit:  - MaxHostConnections = 16  - Libcurl will limit the number of connections to a host
LogInit:  - LocalHostAddr = Default
LogInit:  - BufferSize = 65536
LogOnline: OSS: Creating online subsystem instance for: NULL
LogInit: WinSock: version 1.1 (2.2), MaxSocks=32767, MaxUdp=65467
LogOnline: OSS: TryLoadSubsystemAndSetDefault: Loaded subsystem for module [NULL]
LogOculusPluginWrapper: OculusPlugin initialized successfully
LogHMD: Failed initializing OVRPlugin 1.59.0
LogInit: Build: ++UE4+Release-4.27-CL-18319896
LogInit: Engine Version: 4.27.2-18319896+++UE4+Release-4.27
LogInit: Compatible Engine Version: 4.27.0-17155196+++UE4+Release-4.27
LogInit: Net CL: 17155196
LogInit: OS: Windows 10 (Release 2009) (), CPU: 11th Gen Intel(R) Core(TM) i3-1115G4 @ 3.00GHz, GPU: Intel(R) UHD Graphics
LogInit: Compiled (64-bit): Nov 30 2021 07:12:08
LogInit: Compiled with Visual C++: 19.24.28315.00
LogInit: Build Configuration: Development
LogInit: Branch Name: ++UE4+Release-4.27
LogInit: Command Line:  -AUTH_LOGIN=unused -AUTH_PASSWORD=73a32d58c05547f688544b30d5f100b6 -AUTH_TYPE=exchangecode -epicapp=UE_4.27 -epicenv=Prod -EpicPortal -epicusername=BloodyFlame4 -epicuserid=e4dfcb906612440983bd32d7a688e4b8 -epiclocale=en -epicsandboxid=ue
LogInit: Base Directory: C:/Program Files/Epic Games/UE_4.27/Engine/Binaries/Win64/
LogInit: Allocator: TBB
LogInit: Installed Engine Build: 1
LogDevObjectVersion: Number of dev versions registered: 29
LogDevObjectVersion:   Dev-Blueprints (B0D832E4-1F89-4F0D-ACCF-7EB736FD4AA2): 10
LogDevObjectVersion:   Dev-Build (E1C64328-A22C-4D53-A36C-8E866417BD8C): 0
LogDevObjectVersion:   Dev-Core (375EC13C-06E4-48FB-B500-84F0262A717E): 4
LogDevObjectVersion:   Dev-Editor (E4B068ED-F494-42E9-A231-DA0B2E46BB41): 40
LogDevObjectVersion:   Dev-Framework (CFFC743F-43B0-4480-9391-14DF171D2073): 37
LogDevObjectVersion:   Dev-Mobile (B02B49B5-BB20-44E9-A304-32B752E40360): 3
LogDevObjectVersion:   Dev-Networking (A4E4105C-59A1-49B5-A7C5-40C4547EDFEE): 0
LogDevObjectVersion:   Dev-Online (39C831C9-5AE6-47DC-9A44-9C173E1C8E7C): 0
LogDevObjectVersion:   Dev-Physics (78F01B33-EBEA-4F98-B9B4-84EACCB95AA2): 14
LogDevObjectVersion:   Dev-Platform (6631380F-2D4D-43E0-8009-CF276956A95A): 0
LogDevObjectVersion:   Dev-Rendering (12F88B9F-8875-4AFC-A67C-D90C383ABD29): 45
LogDevObjectVersion:   Dev-Sequencer (7B5AE74C-D270-4C10-A958-57980B212A5A): 13
LogDevObjectVersion:   Dev-VR (D7296918-1DD6-4BDD-9DE2-64A83CC13884): 3
LogDevObjectVersion:   Dev-LoadTimes (C2A15278-BFE7-4AFE-6C17-90FF531DF755): 1
LogDevObjectVersion:   Private-Geometry (6EACA3D4-40EC-4CC1-B786-8BED09428FC5): 3
LogDevObjectVersion:   Dev-AnimPhys (29E575DD-E0A3-4627-9D10-D276232CDCEA): 17
LogDevObjectVersion:   Dev-Anim (AF43A65D-7FD3-4947-9873-3E8ED9C1BB05): 15
LogDevObjectVersion:   Dev-ReflectionCapture (6B266CEC-1EC7-4B8F-A30B-E4D90942FC07): 1
LogDevObjectVersion:   Dev-Automation (0DF73D61-A23F-47EA-B727-89E90C41499A): 1
LogDevObjectVersion:   FortniteMain (601D1886-AC64-4F84-AA16-D3DE0DEAC7D6): 47
LogDevObjectVersion:   FortniteRelease (E7086368-6B23-4C58-8439-1B7016265E91): 1
LogDevObjectVersion:   Dev-Enterprise (9DFFBCD6-494F-0158-E221-12823C92A888): 10
LogDevObjectVersion:   Dev-Niagara (F2AED0AC-9AFE-416F-8664-AA7FFA26D6FC): 1
LogDevObjectVersion:   Dev-Destruction (174F1F0B-B4C6-45A5-B13F-2EE8D0FB917D): 10
LogDevObjectVersion:   Dev-Physics-Ext (35F94A83-E258-406C-A318-09F59610247C): 41
LogDevObjectVersion:   Dev-PhysicsMaterial-Chaos (B68FC16E-8B1B-42E2-B453-215C058844FE): 1
LogDevObjectVersion:   Dev-CineCamera (B2E18506-4273-CFC2-A54E-F4BB758BBA07): 1
LogDevObjectVersion:   Dev-VirtualProduction (64F58936-FD1B-42BA-BA96-7289D5D0FA4E): 1
LogDevObjectVersion:   Dev-MediaFramework (6F0ED827-A609-4895-9C91-998D90180EA4): 2
LogInit: Presizing for max 25165824 objects, including 0 objects not considered by GC, pre-allocating 0 bytes for permanent pool.
LogConfig: Applying CVar settings from Section [/Script/Engine.StreamingSettings] File [C:/Users/Griff/OneDrive/Documents/GitHub/hellsrc/ProjectHellInsurance/Saved/Config/Windows/Engine.ini]
LogConfig: Setting CVar [[s.MinBulkDataSizeForAsyncLoading:131072]]
LogConfig: Setting CVar [[s.AsyncLoadingThreadEnabled:0]]
LogConfig: Setting CVar [[s.EventDrivenLoaderEnabled:1]]
LogConfig: Setting CVar [[s.WarnIfTimeLimitExceeded:0]]
LogConfig: Setting CVar [[s.TimeLimitExceededMultiplier:1.5]]
LogConfig: Setting CVar [[s.TimeLimitExceededMinTime:0.005]]
LogConfig: Setting CVar [[s.UseBackgroundLevelStreaming:1]]
LogConfig: Setting CVar [[s.PriorityAsyncLoadingExtraTime:15.0]]
LogConfig: Setting CVar [[s.LevelStreamingActorsUpdateTimeLimit:5.0]]
LogConfig: Setting CVar [[s.PriorityLevelStreamingActorsUpdateExtraTime:5.0]]
LogConfig: Setting CVar [[s.LevelStreamingComponentsRegistrationGranularity:10]]
LogConfig: Setting CVar [[s.UnregisterComponentsTimeLimit:1.0]]
LogConfig: Setting CVar [[s.LevelStreamingComponentsUnregistrationGranularity:5]]
LogConfig: Setting CVar [[s.FlushStreamingOnExit:1]]
LogInit: Object subsystem initialized
LogConfig: Setting CVar [[con.DebugEarlyDefault:1]]
LogConfig: Setting CVar [[r.setres:1280x720]]
[2025.02.08-04.52.15:762][  0]LogConfig: Setting CVar [[r.VSync:0]]
[2025.02.08-04.52.15:762][  0]LogConfig: Setting CVar [[r.RHICmdBypass:0]]
[2025.02.08-04.52.15:762][  0]LogConfig: Applying CVar settings from Section [/Script/Engine.RendererSettings] File [C:/Users/Griff/OneDrive/Documents/GitHub/hellsrc/ProjectHellInsurance/Saved/Config/Windows/Engine.ini]
[2025.02.08-04.52.15:762][  0]LogConfig: Setting CVar [[r.GPUCrashDebugging:0]]
[2025.02.08-04.52.15:762][  0]LogConfig: Applying CVar settings from Section [/Script/Engine.RendererOverrideSettings] File [C:/Users/Griff/OneDrive/Documents/GitHub/hellsrc/ProjectHellInsurance/Saved/Config/Windows/Engine.ini]
[2025.02.08-04.52.15:762][  0]LogConfig: Applying CVar settings from Section [/Script/Engine.StreamingSettings] File [C:/Users/Griff/OneDrive/Documents/GitHub/hellsrc/ProjectHellInsurance/Saved/Config/Windows/Engine.ini]
[2025.02.08-04.52.15:762][  0]LogConfig: Setting CVar [[s.MinBulkDataSizeForAsyncLoading:131072]]
[2025.02.08-04.52.15:762][  0]LogConfig: Setting CVar [[s.AsyncLoadingThreadEnabled:0]]
[2025.02.08-04.52.15:762][  0]LogConfig: Setting CVar [[s.EventDrivenLoaderEnabled:1]]
[2025.02.08-04.52.15:762][  0]LogConfig: Setting CVar [[s.WarnIfTimeLimitExceeded:0]]
[2025.02.08-04.52.15:762][  0]LogConfig: Setting CVar [[s.TimeLimitExceededMultiplier:1.5]]
[2025.02.08-04.52.15:762][  0]LogConfig: Setting CVar [[s.TimeLimitExceededMinTime:0.005]]
[2025.02.08-04.52.15:762][  0]LogConfig: Setting CVar [[s.UseBackgroundLevelStreaming:1]]
[2025.02.08-04.52.15:762][  0]LogConfig: Setting CVar [[s.PriorityAsyncLoadingExtraTime:15.0]]
[2025.02.08-04.52.15:762][  0]LogConfig: Setting CVar [[s.LevelStreamingActorsUpdateTimeLimit:5.0]]
[2025.02.08-04.52.15:762][  0]LogConfig: Setting CVar [[s.PriorityLevelStreamingActorsUpdateExtraTime:5.0]]
[2025.02.08-04.52.15:762][  0]LogConfig: Setting CVar [[s.LevelStreamingComponentsRegistrationGranularity:10]]
[2025.02.08-04.52.15:762][  0]LogConfig: Setting CVar [[s.UnregisterComponentsTimeLimit:1.0]]
[2025.02.08-04.52.15:762][  0]LogConfig: Setting CVar [[s.LevelStreamingComponentsUnregistrationGranularity:5]]
[2025.02.08-04.52.15:762][  0]LogConfig: Setting CVar [[s.FlushStreamingOnExit:1]]
[2025.02.08-04.52.15:762][  0]LogConfig: Applying CVar settings from Section [/Script/Engine.GarbageCollectionSettings] File [C:/Users/Griff/OneDrive/Documents/GitHub/hellsrc/ProjectHellInsurance/Saved/Config/Windows/Engine.ini]
[2025.02.08-04.52.15:762][  0]LogConfig: Setting CVar [[gc.MaxObjectsNotConsideredByGC:1]]
[2025.02.08-04.52.15:762][  0]LogConfig: Setting CVar [[gc.SizeOfPermanentObjectPool:0]]
[2025.02.08-04.52.15:762][  0]LogConfig: Setting CVar [[gc.FlushStreamingOnGC:0]]
[2025.02.08-04.52.15:762][  0]LogConfig: Setting CVar [[gc.NumRetriesBeforeForcingGC:10]]
[2025.02.08-04.52.15:762][  0]LogConfig: Setting CVar [[gc.AllowParallelGC:1]]
[2025.02.08-04.52.15:762][  0]LogConfig: Setting CVar [[gc.TimeBetweenPurgingPendingKillObjects:61.1]]
[2025.02.08-04.52.15:762][  0]LogConfig: Setting CVar [[gc.MaxObjectsInEditor:25165824]]
[2025.02.08-04.52.15:762][  0]LogConfig: Setting CVar [[gc.IncrementalBeginDestroyEnabled:1]]
[2025.02.08-04.52.15:762][  0]LogConfig: Setting CVar [[gc.CreateGCClusters:1]]
[2025.02.08-04.52.15:762][  0]LogConfig: Setting CVar [[gc.MinGCClusterSize:5]]
[2025.02.08-04.52.15:762][  0]LogConfig: Setting CVar [[gc.ActorClusteringEnabled:0]]
[2025.02.08-04.52.15:762][  0]LogConfig: Setting CVar [[gc.BlueprintClusteringEnabled:0]]
[2025.02.08-04.52.15:762][  0]LogConfig: Setting CVar [[gc.UseDisregardForGCOnDedicatedServers:0]]
[2025.02.08-04.52.15:762][  0]LogConfig: Setting CVar [[gc.MultithreadedDestructionEnabled:1]]
[2025.02.08-04.52.15:762][  0]LogConfig: Applying CVar settings from Section [/Script/Engine.NetworkSettings] File [C:/Users/Griff/OneDrive/Documents/GitHub/hellsrc/ProjectHellInsurance/Saved/Config/Windows/Engine.ini]
[2025.02.08-04.52.15:762][  0]LogConfig: Applying CVar settings from Section [/Script/UnrealEd.CookerSettings] File [C:/Users/Griff/OneDrive/Documents/GitHub/hellsrc/ProjectHellInsurance/Saved/Config/Windows/Engine.ini]
[2025.02.08-04.52.15:771][  0]LogConfig: Applying CVar settings from Section [ViewDistanceQuality@3] File [C:/Users/Griff/OneDrive/Documents/GitHub/hellsrc/ProjectHellInsurance/Saved/Config/Windows/Scalability.ini]
[2025.02.08-04.52.15:771][  0]LogConfig: Setting CVar [[r.SkeletalMeshLODBias:0]]
[2025.02.08-04.52.15:771][  0]LogConfig: Setting CVar [[r.ViewDistanceScale:1.0]]
[2025.02.08-04.52.15:771][  0]LogConfig: Applying CVar settings from Section [AntiAliasingQuality@3] File [C:/Users/Griff/OneDrive/Documents/GitHub/hellsrc/ProjectHellInsurance/Saved/Config/Windows/Scalability.ini]
[2025.02.08-04.52.15:771][  0]LogConfig: Setting CVar [[r.PostProcessAAQuality:4]]
[2025.02.08-04.52.15:771][  0]LogConfig: Applying CVar settings from Section [ShadowQuality@3] File [C:/Users/Griff/OneDrive/Documents/GitHub/hellsrc/ProjectHellInsurance/Saved/Config/Windows/Scalability.ini]
[2025.02.08-04.52.15:771][  0]LogConfig: Setting CVar [[r.LightFunctionQuality:1]]
[2025.02.08-04.52.15:771][  0]LogConfig: Setting CVar [[r.ShadowQuality:5]]
[2025.02.08-04.52.15:771][  0]LogConfig: Setting CVar [[r.Shadow.CSM.MaxCascades:10]]
[2025.02.08-04.52.15:771][  0]LogConfig: Setting CVar [[r.Shadow.MaxResolution:2048]]
[2025.02.08-04.52.15:771][  0]LogConfig: Setting CVar [[r.Shadow.MaxCSMResolution:2048]]
[2025.02.08-04.52.15:771][  0]LogConfig: Setting CVar [[r.Shadow.RadiusThreshold:0.01]]
[2025.02.08-04.52.15:771][  0]LogConfig: Setting CVar [[r.Shadow.DistanceScale:1.0]]
[2025.02.08-04.52.15:771][  0]LogConfig: Setting CVar [[r.Shadow.CSM.TransitionScale:1.0]]
[2025.02.08-04.52.15:771][  0]LogConfig: Setting CVar [[r.Shadow.PreShadowResolutionFactor:1.0]]
[2025.02.08-04.52.15:771][  0]LogConfig: Setting CVar [[r.DistanceFieldShadowing:1]]
[2025.02.08-04.52.15:771][  0]LogConfig: Setting CVar [[r.DistanceFieldAO:1]]
[2025.02.08-04.52.15:771][  0]LogConfig: Setting CVar [[r.AOQuality:2]]
[2025.02.08-04.52.15:771][  0]LogConfig: Setting CVar [[r.VolumetricFog:1]]
[2025.02.08-04.52.15:771][  0]LogConfig: Setting CVar [[r.VolumetricFog.GridPixelSize:8]]
[2025.02.08-04.52.15:771][  0]LogConfig: Setting CVar [[r.VolumetricFog.GridSizeZ:128]]
[2025.02.08-04.52.15:771][  0]LogConfig: Setting CVar [[r.VolumetricFog.HistoryMissSupersampleCount:4]]
[2025.02.08-04.52.15:771][  0]LogConfig: Setting CVar [[r.LightMaxDrawDistanceScale:1]]
[2025.02.08-04.52.15:771][  0]LogConfig: Setting CVar [[r.CapsuleShadows:1]]
[2025.02.08-04.52.15:771][  0]LogConfig: Applying CVar settings from Section [PostProcessQuality@3] File [C:/Users/Griff/OneDrive/Documents/GitHub/hellsrc/ProjectHellInsurance/Saved/Config/Windows/Scalability.ini]
[2025.02.08-04.52.15:771][  0]LogConfig: Setting CVar [[r.MotionBlurQuality:4]]
[2025.02.08-04.52.15:771][  0]LogConfig: Setting CVar [[r.AmbientOcclusionMipLevelFactor:0.4]]
[2025.02.08-04.52.15:771][  0]LogConfig: Setting CVar [[r.AmbientOcclusionMaxQuality:100]]
[2025.02.08-04.52.15:771][  0]LogConfig: Setting CVar [[r.AmbientOcclusionLevels:-1]]
[2025.02.08-04.52.15:771][  0]LogConfig: Setting CVar [[r.AmbientOcclusionRadiusScale:1.0]]
[2025.02.08-04.52.15:771][  0]LogConfig: Setting CVar [[r.DepthOfFieldQuality:2]]
[2025.02.08-04.52.15:771][  0]LogConfig: Setting CVar [[r.RenderTargetPoolMin:400]]
[2025.02.08-04.52.15:771][  0]LogConfig: Setting CVar [[r.LensFlareQuality:2]]
[2025.02.08-04.52.15:771][  0]LogConfig: Setting CVar [[r.SceneColorFringeQuality:1]]
[2025.02.08-04.52.15:771][  0]LogConfig: Setting CVar [[r.EyeAdaptationQuality:2]]
[2025.02.08-04.52.15:771][  0]LogConfig: Setting CVar [[r.BloomQuality:5]]
[2025.02.08-04.52.15:771][  0]LogConfig: Setting CVar [[r.FastBlurThreshold:100]]
[2025.02.08-04.52.15:771][  0]LogConfig: Setting CVar [[r.Upscale.Quality:3]]
[2025.02.08-04.52.15:771][  0]LogConfig: Setting CVar [[r.Tonemapper.GrainQuantization:1]]
[2025.02.08-04.52.15:771][  0]LogConfig: Setting CVar [[r.LightShaftQuality:1]]
[2025.02.08-04.52.15:771][  0]LogConfig: Setting CVar [[r.Filter.SizeScale:1]]
[2025.02.08-04.52.15:771][  0]LogConfig: Setting CVar [[r.Tonemapper.Quality:5]]
[2025.02.08-04.52.15:771][  0]LogConfig: Setting CVar [[r.DOF.Gather.AccumulatorQuality:1        ; higher gathering accumulator quality]]
[2025.02.08-04.52.15:771][  0]LogConfig: Setting CVar [[r.DOF.Gather.PostfilterMethod:1          ; Median3x3 postfilering method]]
[2025.02.08-04.52.15:771][  0]LogConfig: Setting CVar [[r.DOF.Gather.EnableBokehSettings:0       ; no bokeh simulation when gathering]]
[2025.02.08-04.52.15:771][  0]LogConfig: Setting CVar [[r.DOF.Gather.RingCount:4                 ; medium number of samples when gathering]]
[2025.02.08-04.52.15:771][  0]LogConfig: Setting CVar [[r.DOF.Scatter.ForegroundCompositing:1    ; additive foreground scattering]]
[2025.02.08-04.52.15:771][  0]LogConfig: Setting CVar [[r.DOF.Scatter.BackgroundCompositing:2    ; additive background scattering]]
[2025.02.08-04.52.15:771][  0]LogConfig: Setting CVar [[r.DOF.Scatter.EnableBokehSettings:1      ; bokeh simulation when scattering]]
[2025.02.08-04.52.15:771][  0]LogConfig: Setting CVar [[r.DOF.Scatter.MaxSpriteRatio:0.1         ; only a maximum of 10% of scattered bokeh]]
[2025.02.08-04.52.15:771][  0]LogConfig: Setting CVar [[r.DOF.Recombine.Quality:1                ; cheap slight out of focus]]
[2025.02.08-04.52.15:771][  0]LogConfig: Setting CVar [[r.DOF.Recombine.EnableBokehSettings:0    ; no bokeh simulation on slight out of focus]]
[2025.02.08-04.52.15:771][  0]LogConfig: Setting CVar [[r.DOF.TemporalAAQuality:1                ; more stable temporal accumulation]]
[2025.02.08-04.52.15:772][  0]LogConfig: Setting CVar [[r.DOF.Kernel.MaxForegroundRadius:0.025]]
[2025.02.08-04.52.15:772][  0]LogConfig: Setting CVar [[r.DOF.Kernel.MaxBackgroundRadius:0.025]]
[2025.02.08-04.52.15:772][  0]LogConfig: Applying CVar settings from Section [TextureQuality@3] File [C:/Users/Griff/OneDrive/Documents/GitHub/hellsrc/ProjectHellInsurance/Saved/Config/Windows/Scalability.ini]
[2025.02.08-04.52.15:772][  0]LogConfig: Setting CVar [[r.Streaming.MipBias:0]]
[2025.02.08-04.52.15:772][  0]LogConfig: Setting CVar [[r.Streaming.AmortizeCPUToGPUCopy:0]]
[2025.02.08-04.52.15:772][  0]LogConfig: Setting CVar [[r.Streaming.MaxNumTexturesToStreamPerFrame:0]]
[2025.02.08-04.52.15:772][  0]LogConfig: Setting CVar [[r.Streaming.Boost:1]]
[2025.02.08-04.52.15:772][  0]LogConfig: Setting CVar [[r.MaxAnisotropy:8]]
[2025.02.08-04.52.15:772][  0]LogConfig: Setting CVar [[r.VT.MaxAnisotropy:8]]
[2025.02.08-04.52.15:772][  0]LogConfig: Setting CVar [[r.Streaming.LimitPoolSizeToVRAM:0]]
[2025.02.08-04.52.15:772][  0]LogConfig: Setting CVar [[r.Streaming.PoolSize:1000]]
[2025.02.08-04.52.15:772][  0]LogConfig: Setting CVar [[r.Streaming.MaxEffectiveScreenSize:0]]
[2025.02.08-04.52.15:772][  0]LogConfig: Applying CVar settings from Section [EffectsQuality@3] File [C:/Users/Griff/OneDrive/Documents/GitHub/hellsrc/ProjectHellInsurance/Saved/Config/Windows/Scalability.ini]
[2025.02.08-04.52.15:772][  0]LogConfig: Setting CVar [[r.TranslucencyLightingVolumeDim:64]]
[2025.02.08-04.52.15:772][  0]LogConfig: Setting CVar [[r.RefractionQuality:2]]
[2025.02.08-04.52.15:772][  0]LogConfig: Setting CVar [[r.SSR.Quality:3]]
[2025.02.08-04.52.15:772][  0]LogConfig: Setting CVar [[r.SSR.HalfResSceneColor:0]]
[2025.02.08-04.52.15:772][  0]LogConfig: Setting CVar [[r.SceneColorFormat:4]]
[2025.02.08-04.52.15:772][  0]LogConfig: Setting CVar [[r.DetailMode:2]]
[2025.02.08-04.52.15:772][  0]LogConfig: Setting CVar [[r.TranslucencyVolumeBlur:1]]
[2025.02.08-04.52.15:772][  0]LogConfig: Setting CVar [[r.MaterialQualityLevel:1 ; High quality]]
[2025.02.08-04.52.15:772][  0]LogConfig: Setting CVar [[r.AnisotropicMaterials:1]]
[2025.02.08-04.52.15:772][  0]LogConfig: Setting CVar [[r.SSS.Scale:1]]
[2025.02.08-04.52.15:772][  0]LogConfig: Setting CVar [[r.SSS.SampleSet:2]]
[2025.02.08-04.52.15:772][  0]LogConfig: Setting CVar [[r.SSS.Quality:1]]
[2025.02.08-04.52.15:772][  0]LogConfig: Setting CVar [[r.SSS.HalfRes:0]]
[2025.02.08-04.52.15:772][  0]LogConfig: Setting CVar [[r.SSGI.Quality:3]]
[2025.02.08-04.52.15:772][  0]LogConfig: Setting CVar [[r.EmitterSpawnRateScale:1.0]]
[2025.02.08-04.52.15:772][  0]LogConfig: Setting CVar [[r.ParticleLightQuality:2]]
[2025.02.08-04.52.15:772][  0]LogConfig: Setting CVar [[r.SkyAtmosphere.AerialPerspectiveLUT.FastApplyOnOpaque:1 ; Always have FastSkyLUT 1 in this case to avoid wrong sky]]
[2025.02.08-04.52.15:772][  0]LogConfig: Setting CVar [[r.SkyAtmosphere.AerialPerspectiveLUT.SampleCountMaxPerSlice:4]]
[2025.02.08-04.52.15:772][  0]LogConfig: Setting CVar [[r.SkyAtmosphere.AerialPerspectiveLUT.DepthResolution:16.0]]
[2025.02.08-04.52.15:772][  0]LogConfig: Setting CVar [[r.SkyAtmosphere.FastSkyLUT:1]]
[2025.02.08-04.52.15:772][  0]LogConfig: Setting CVar [[r.SkyAtmosphere.FastSkyLUT.SampleCountMin:4.0]]
[2025.02.08-04.52.15:772][  0]LogConfig: Setting CVar [[r.SkyAtmosphere.FastSkyLUT.SampleCountMax:128.0]]
[2025.02.08-04.52.15:772][  0]LogConfig: Setting CVar [[r.SkyAtmosphere.SampleCountMin:4.0]]
[2025.02.08-04.52.15:772][  0]LogConfig: Setting CVar [[r.SkyAtmosphere.SampleCountMax:128.0]]
[2025.02.08-04.52.15:772][  0]LogConfig: Setting CVar [[r.SkyAtmosphere.TransmittanceLUT.UseSmallFormat:0]]
[2025.02.08-04.52.15:772][  0]LogConfig: Setting CVar [[r.SkyAtmosphere.TransmittanceLUT.SampleCount:10.0]]
[2025.02.08-04.52.15:772][  0]LogConfig: Setting CVar [[r.SkyAtmosphere.MultiScatteringLUT.SampleCount:15.0]]
[2025.02.08-04.52.15:772][  0]LogConfig: Setting CVar [[r.SkyLight.RealTimeReflectionCapture:1]]
[2025.02.08-04.52.15:772][  0]LogConfig: Applying CVar settings from Section [FoliageQuality@3] File [C:/Users/Griff/OneDrive/Documents/GitHub/hellsrc/ProjectHellInsurance/Saved/Config/Windows/Scalability.ini]
[2025.02.08-04.52.15:772][  0]LogConfig: Setting CVar [[foliage.DensityScale:1.0]]
[2025.02.08-04.52.15:772][  0]LogConfig: Setting CVar [[grass.DensityScale:1.0]]
[2025.02.08-04.52.15:772][  0]LogConfig: Applying CVar settings from Section [ShadingQuality@3] File [C:/Users/Griff/OneDrive/Documents/GitHub/hellsrc/ProjectHellInsurance/Saved/Config/Windows/Scalability.ini]
[2025.02.08-04.52.15:772][  0]LogConfig: Setting CVar [[r.HairStrands.SkyLighting.IntegrationType:2]]
[2025.02.08-04.52.15:773][  0]LogConfig: Setting CVar [[r.HairStrands.SkyAO.SampleCount:4]]
[2025.02.08-04.52.15:773][  0]LogConfig: Setting CVar [[r.HairStrands.Visibility.MSAA.SamplePerPixel:4]]
[2025.02.08-04.52.15:773][  0]LogInit: Selected Device Profile: [Windows]
[2025.02.08-04.52.15:773][  0]LogInit: Applying CVar settings loaded from the selected device profile: [Windows]
[2025.02.08-04.52.15:773][  0]LogHAL: Display: Platform has ~ 8 GB [8299606016 / 8589934592 / 8], which maps to Default [LargestMinGB=32, LargerMinGB=12, DefaultMinGB=8, SmallerMinGB=6, SmallestMinGB=0)
[2025.02.08-04.52.15:773][  0]LogInit: Going up to parent DeviceProfile []
[2025.02.08-04.52.15:773][  0]LogConfig: Applying CVar settings from Section [ViewDistanceQuality@3] File [C:/Users/Griff/OneDrive/Documents/GitHub/hellsrc/ProjectHellInsurance/Saved/Config/Windows/Scalability.ini]
[2025.02.08-04.52.15:773][  0]LogConfig: Setting CVar [[r.SkeletalMeshLODBias:0]]
[2025.02.08-04.52.15:773][  0]LogConfig: Setting CVar [[r.ViewDistanceScale:1.0]]
[2025.02.08-04.52.15:773][  0]LogConfig: Applying CVar settings from Section [AntiAliasingQuality@3] File [C:/Users/Griff/OneDrive/Documents/GitHub/hellsrc/ProjectHellInsurance/Saved/Config/Windows/Scalability.ini]
[2025.02.08-04.52.15:773][  0]LogConfig: Setting CVar [[r.PostProcessAAQuality:4]]
[2025.02.08-04.52.15:773][  0]LogConfig: Applying CVar settings from Section [ShadowQuality@3] File [C:/Users/Griff/OneDrive/Documents/GitHub/hellsrc/ProjectHellInsurance/Saved/Config/Windows/Scalability.ini]
[2025.02.08-04.52.15:773][  0]LogConfig: Setting CVar [[r.LightFunctionQuality:1]]
[2025.02.08-04.52.15:773][  0]LogConfig: Setting CVar [[r.ShadowQuality:5]]
[2025.02.08-04.52.15:773][  0]LogConfig: Setting CVar [[r.Shadow.CSM.MaxCascades:10]]
[2025.02.08-04.52.15:774][  0]LogConfig: Setting CVar [[r.Shadow.MaxResolution:2048]]
[2025.02.08-04.52.15:774][  0]LogConfig: Setting CVar [[r.Shadow.MaxCSMResolution:2048]]
[2025.02.08-04.52.15:774][  0]LogConfig: Setting CVar [[r.Shadow.RadiusThreshold:0.01]]
[2025.02.08-04.52.15:774][  0]LogConfig: Setting CVar [[r.Shadow.DistanceScale:1.0]]
[2025.02.08-04.52.15:774][  0]LogConfig: Setting CVar [[r.Shadow.CSM.TransitionScale:1.0]]
[2025.02.08-04.52.15:774][  0]LogConfig: Setting CVar [[r.Shadow.PreShadowResolutionFactor:1.0]]
[2025.02.08-04.52.15:774][  0]LogConfig: Setting CVar [[r.DistanceFieldShadowing:1]]
[2025.02.08-04.52.15:774][  0]LogConfig: Setting CVar [[r.DistanceFieldAO:1]]
[2025.02.08-04.52.15:774][  0]LogConfig: Setting CVar [[r.AOQuality:2]]
[2025.02.08-04.52.15:774][  0]LogConfig: Setting CVar [[r.VolumetricFog:1]]
[2025.02.08-04.52.15:774][  0]LogConfig: Setting CVar [[r.VolumetricFog.GridPixelSize:8]]
[2025.02.08-04.52.15:774][  0]LogConfig: Setting CVar [[r.VolumetricFog.GridSizeZ:128]]
[2025.02.08-04.52.15:774][  0]LogConfig: Setting CVar [[r.VolumetricFog.HistoryMissSupersampleCount:4]]
[2025.02.08-04.52.15:774][  0]LogConfig: Setting CVar [[r.LightMaxDrawDistanceScale:1]]
[2025.02.08-04.52.15:774][  0]LogConfig: Setting CVar [[r.CapsuleShadows:1]]
[2025.02.08-04.52.15:774][  0]LogConfig: Applying CVar settings from Section [PostProcessQuality@3] File [C:/Users/Griff/OneDrive/Documents/GitHub/hellsrc/ProjectHellInsurance/Saved/Config/Windows/Scalability.ini]
[2025.02.08-04.52.15:774][  0]LogConfig: Setting CVar [[r.MotionBlurQuality:4]]
[2025.02.08-04.52.15:774][  0]LogConfig: Setting CVar [[r.AmbientOcclusionMipLevelFactor:0.4]]
[2025.02.08-04.52.15:774][  0]LogConfig: Setting CVar [[r.AmbientOcclusionMaxQuality:100]]
[2025.02.08-04.52.15:774][  0]LogConfig: Setting CVar [[r.AmbientOcclusionLevels:-1]]
[2025.02.08-04.52.15:774][  0]LogConfig: Setting CVar [[r.AmbientOcclusionRadiusScale:1.0]]
[2025.02.08-04.52.15:774][  0]LogConfig: Setting CVar [[r.DepthOfFieldQuality:2]]
[2025.02.08-04.52.15:774][  0]LogConfig: Setting CVar [[r.RenderTargetPoolMin:400]]
[2025.02.08-04.52.15:774][  0]LogConfig: Setting CVar [[r.LensFlareQuality:2]]
[2025.02.08-04.52.15:774][  0]LogConfig: Setting CVar [[r.SceneColorFringeQuality:1]]
[2025.02.08-04.52.15:774][  0]LogConfig: Setting CVar [[r.EyeAdaptationQuality:2]]
[2025.02.08-04.52.15:774][  0]LogConfig: Setting CVar [[r.BloomQuality:5]]
[2025.02.08-04.52.15:774][  0]LogConfig: Setting CVar [[r.FastBlurThreshold:100]]
[2025.02.08-04.52.15:774][  0]LogConfig: Setting CVar [[r.Upscale.Quality:3]]
[2025.02.08-04.52.15:774][  0]LogConfig: Setting CVar [[r.Tonemapper.GrainQuantization:1]]
[2025.02.08-04.52.15:774][  0]LogConfig: Setting CVar [[r.LightShaftQuality:1]]
[2025.02.08-04.52.15:774][  0]LogConfig: Setting CVar [[r.Filter.SizeScale:1]]
[2025.02.08-04.52.15:774][  0]LogConfig: Setting CVar [[r.Tonemapper.Quality:5]]
[2025.02.08-04.52.15:774][  0]LogConfig: Setting CVar [[r.DOF.Gather.AccumulatorQuality:1        ; higher gathering accumulator quality]]
[2025.02.08-04.52.15:774][  0]LogConfig: Setting CVar [[r.DOF.Gather.PostfilterMethod:1          ; Median3x3 postfilering method]]
[2025.02.08-04.52.15:774][  0]LogConfig: Setting CVar [[r.DOF.Gather.EnableBokehSettings:0       ; no bokeh simulation when gathering]]
[2025.02.08-04.52.15:774][  0]LogConfig: Setting CVar [[r.DOF.Gather.RingCount:4                 ; medium number of samples when gathering]]
[2025.02.08-04.52.15:774][  0]LogConfig: Setting CVar [[r.DOF.Scatter.ForegroundCompositing:1    ; additive foreground scattering]]
[2025.02.08-04.52.15:774][  0]LogConfig: Setting CVar [[r.DOF.Scatter.BackgroundCompositing:2    ; additive background scattering]]
[2025.02.08-04.52.15:774][  0]LogConfig: Setting CVar [[r.DOF.Scatter.EnableBokehSettings:1      ; bokeh simulation when scattering]]
[2025.02.08-04.52.15:774][  0]LogConfig: Setting CVar [[r.DOF.Scatter.MaxSpriteRatio:0.1         ; only a maximum of 10% of scattered bokeh]]
[2025.02.08-04.52.15:774][  0]LogConfig: Setting CVar [[r.DOF.Recombine.Quality:1                ; cheap slight out of focus]]
[2025.02.08-04.52.15:774][  0]LogConfig: Setting CVar [[r.DOF.Recombine.EnableBokehSettings:0    ; no bokeh simulation on slight out of focus]]
[2025.02.08-04.52.15:774][  0]LogConfig: Setting CVar [[r.DOF.TemporalAAQuality:1                ; more stable temporal accumulation]]
[2025.02.08-04.52.15:774][  0]LogConfig: Setting CVar [[r.DOF.Kernel.MaxForegroundRadius:0.025]]
[2025.02.08-04.52.15:774][  0]LogConfig: Setting CVar [[r.DOF.Kernel.MaxBackgroundRadius:0.025]]
[2025.02.08-04.52.15:774][  0]LogConfig: Applying CVar settings from Section [TextureQuality@3] File [C:/Users/Griff/OneDrive/Documents/GitHub/hellsrc/ProjectHellInsurance/Saved/Config/Windows/Scalability.ini]
[2025.02.08-04.52.15:774][  0]LogConfig: Setting CVar [[r.Streaming.MipBias:0]]
[2025.02.08-04.52.15:774][  0]LogConfig: Setting CVar [[r.Streaming.AmortizeCPUToGPUCopy:0]]
[2025.02.08-04.52.15:774][  0]LogConfig: Setting CVar [[r.Streaming.MaxNumTexturesToStreamPerFrame:0]]
[2025.02.08-04.52.15:774][  0]LogConfig: Setting CVar [[r.Streaming.Boost:1]]
[2025.02.08-04.52.15:774][  0]LogConfig: Setting CVar [[r.MaxAnisotropy:8]]
[2025.02.08-04.52.15:774][  0]LogConfig: Setting CVar [[r.VT.MaxAnisotropy:8]]
[2025.02.08-04.52.15:774][  0]LogConfig: Setting CVar [[r.Streaming.LimitPoolSizeToVRAM:0]]
[2025.02.08-04.52.15:774][  0]LogConfig: Setting CVar [[r.Streaming.PoolSize:1000]]
[2025.02.08-04.52.15:774][  0]LogConfig: Setting CVar [[r.Streaming.MaxEffectiveScreenSize:0]]
[2025.02.08-04.52.15:774][  0]LogConfig: Applying CVar settings from Section [EffectsQuality@3] File [C:/Users/Griff/OneDrive/Documents/GitHub/hellsrc/ProjectHellInsurance/Saved/Config/Windows/Scalability.ini]
[2025.02.08-04.52.15:774][  0]LogConfig: Setting CVar [[r.TranslucencyLightingVolumeDim:64]]
[2025.02.08-04.52.15:774][  0]LogConfig: Setting CVar [[r.RefractionQuality:2]]
[2025.02.08-04.52.15:774][  0]LogConfig: Setting CVar [[r.SSR.Quality:3]]
[2025.02.08-04.52.15:774][  0]LogConfig: Setting CVar [[r.SSR.HalfResSceneColor:0]]
[2025.02.08-04.52.15:774][  0]LogConfig: Setting CVar [[r.SceneColorFormat:4]]
[2025.02.08-04.52.15:774][  0]LogConfig: Setting CVar [[r.DetailMode:2]]
[2025.02.08-04.52.15:774][  0]LogConfig: Setting CVar [[r.TranslucencyVolumeBlur:1]]
[2025.02.08-04.52.15:774][  0]LogConfig: Setting CVar [[r.MaterialQualityLevel:1 ; High quality]]
[2025.02.08-04.52.15:774][  0]LogConfig: Setting CVar [[r.AnisotropicMaterials:1]]
[2025.02.08-04.52.15:774][  0]LogConfig: Setting CVar [[r.SSS.Scale:1]]
[2025.02.08-04.52.15:775][  0]LogConfig: Setting CVar [[r.SSS.SampleSet:2]]
[2025.02.08-04.52.15:775][  0]LogConfig: Setting CVar [[r.SSS.Quality:1]]
[2025.02.08-04.52.15:775][  0]LogConfig: Setting CVar [[r.SSS.HalfRes:0]]
[2025.02.08-04.52.15:775][  0]LogConfig: Setting CVar [[r.SSGI.Quality:3]]
[2025.02.08-04.52.15:775][  0]LogConfig: Setting CVar [[r.EmitterSpawnRateScale:1.0]]
[2025.02.08-04.52.15:775][  0]LogConfig: Setting CVar [[r.ParticleLightQuality:2]]
[2025.02.08-04.52.15:775][  0]LogConfig: Setting CVar [[r.SkyAtmosphere.AerialPerspectiveLUT.FastApplyOnOpaque:1 ; Always have FastSkyLUT 1 in this case to avoid wrong sky]]
[2025.02.08-04.52.15:775][  0]LogConfig: Setting CVar [[r.SkyAtmosphere.AerialPerspectiveLUT.SampleCountMaxPerSlice:4]]
[2025.02.08-04.52.15:775][  0]LogConfig: Setting CVar [[r.SkyAtmosphere.AerialPerspectiveLUT.DepthResolution:16.0]]
[2025.02.08-04.52.15:775][  0]LogConfig: Setting CVar [[r.SkyAtmosphere.FastSkyLUT:1]]
[2025.02.08-04.52.15:775][  0]LogConfig: Setting CVar [[r.SkyAtmosphere.FastSkyLUT.SampleCountMin:4.0]]
[2025.02.08-04.52.15:775][  0]LogConfig: Setting CVar [[r.SkyAtmosphere.FastSkyLUT.SampleCountMax:128.0]]
[2025.02.08-04.52.15:775][  0]LogConfig: Setting CVar [[r.SkyAtmosphere.SampleCountMin:4.0]]
[2025.02.08-04.52.15:775][  0]LogConfig: Setting CVar [[r.SkyAtmosphere.SampleCountMax:128.0]]
[2025.02.08-04.52.15:775][  0]LogConfig: Setting CVar [[r.SkyAtmosphere.TransmittanceLUT.UseSmallFormat:0]]
[2025.02.08-04.52.15:775][  0]LogConfig: Setting CVar [[r.SkyAtmosphere.TransmittanceLUT.SampleCount:10.0]]
[2025.02.08-04.52.15:775][  0]LogConfig: Setting CVar [[r.SkyAtmosphere.MultiScatteringLUT.SampleCount:15.0]]
[2025.02.08-04.52.15:775][  0]LogConfig: Setting CVar [[r.SkyLight.RealTimeReflectionCapture:1]]
[2025.02.08-04.52.15:775][  0]LogConfig: Applying CVar settings from Section [FoliageQuality@3] File [C:/Users/Griff/OneDrive/Documents/GitHub/hellsrc/ProjectHellInsurance/Saved/Config/Windows/Scalability.ini]
[2025.02.08-04.52.15:775][  0]LogConfig: Setting CVar [[foliage.DensityScale:1.0]]
[2025.02.08-04.52.15:775][  0]LogConfig: Setting CVar [[grass.DensityScale:1.0]]
[2025.02.08-04.52.15:775][  0]LogConfig: Applying CVar settings from Section [ShadingQuality@3] File [C:/Users/Griff/OneDrive/Documents/GitHub/hellsrc/ProjectHellInsurance/Saved/Config/Windows/Scalability.ini]
[2025.02.08-04.52.15:775][  0]LogConfig: Setting CVar [[r.HairStrands.SkyLighting.IntegrationType:2]]
[2025.02.08-04.52.15:775][  0]LogConfig: Setting CVar [[r.HairStrands.SkyAO.SampleCount:4]]
[2025.02.08-04.52.15:775][  0]LogConfig: Setting CVar [[r.HairStrands.Visibility.MSAA.SamplePerPixel:4]]
[2025.02.08-04.52.15:775][  0]LogConfig: Applying CVar settings from Section [Startup] File [../../../Engine/Config/ConsoleVariables.ini]
[2025.02.08-04.52.15:775][  0]LogConfig: Setting CVar [[net.UseAdaptiveNetUpdateFrequency:0]]
[2025.02.08-04.52.15:775][  0]LogConfig: Setting CVar [[p.chaos.AllowCreatePhysxBodies:1]]
[2025.02.08-04.52.15:775][  0]LogConfig: Setting CVar [[fx.SkipVectorVMBackendOptimizations:1]]
[2025.02.08-04.52.15:775][  0]LogConfig: Applying CVar settings from Section [ConsoleVariables] File [C:/Users/Griff/OneDrive/Documents/GitHub/hellsrc/ProjectHellInsurance/Saved/Config/Windows/Engine.ini]
[2025.02.08-04.52.15:775][  0]LogConfig: Applying CVar settings from Section [ConsoleVariables] File [C:/Users/Griff/OneDrive/Documents/GitHub/hellsrc/ProjectHellInsurance/Saved/Config/Windows/Editor.ini]
[2025.02.08-04.52.15:776][  0]LogInit: Computer: DESKTOP-QC3PMKN
[2025.02.08-04.52.15:776][  0]LogInit: User: Griff
[2025.02.08-04.52.15:776][  0]LogInit: CPU Page size=4096, Cores=2
[2025.02.08-04.52.15:776][  0]LogInit: High frequency timer resolution =10.000000 MHz
[2025.02.08-04.52.15:776][  0]LogMemory: Memory total: Physical=7.7GB (8GB approx)
[2025.02.08-04.52.15:776][  0]LogMemory: Platform Memory Stats for Windows
[2025.02.08-04.52.15:776][  0]LogMemory: Process Physical Memory: 143.68 MB used, 143.69 MB peak
[2025.02.08-04.52.15:776][  0]LogMemory: Process Virtual Memory: 125.22 MB used, 125.22 MB peak
[2025.02.08-04.52.15:776][  0]LogMemory: Physical Memory: 7560.04 MB used,  355.08 MB free, 7915.12 MB total
[2025.02.08-04.52.15:776][  0]LogMemory: Virtual Memory: 134214152.00 MB used,  3579.29 MB free, 134217728.00 MB total
[2025.02.08-04.52.15:785][  0]LogWindows: WindowsPlatformFeatures enabled
[2025.02.08-04.52.15:991][  0]LogInit: Physics initialised using underlying interface: PhysX
[2025.02.08-04.52.16:002][  0]LogInit: Using OS detected language (en-US).
[2025.02.08-04.52.16:002][  0]LogInit: Using OS detected locale (en-US).
[2025.02.08-04.52.16:035][  0]LogTextLocalizationManager: No specific localization for 'en-US' exists, so the 'en' localization will be used.
[2025.02.08-04.52.16:544][  0]LogInit: Setting process to per monitor DPI aware
[2025.02.08-04.52.16:568][  0]LogWindowsTextInputMethodSystem: Display: IME system deactivated.
[2025.02.08-04.52.16:603][  0]LogSlate: New Slate User Created.  User Index 0, Is Virtual User: 0
[2025.02.08-04.52.16:603][  0]LogSlate: Slate User Registered.  User Index 0, Is Virtual User: 0
[2025.02.08-04.52.16:935][  0]LogD3D11RHI: Loaded GFSDK_Aftermath_Lib.x64.dll
[2025.02.08-04.52.16:946][  0]LogHMD: Failed to initialize OpenVR with code 110
[2025.02.08-04.52.16:946][  0]LogD3D11RHI: D3D11 min allowed feature level: 11_0
[2025.02.08-04.52.16:947][  0]LogD3D11RHI: D3D11 max allowed feature level: 11_0
[2025.02.08-04.52.16:947][  0]LogD3D11RHI: D3D11 adapters:
[2025.02.08-04.52.17:014][  0]LogD3D11RHI:    0. 'Intel(R) UHD Graphics' (Feature Level 11_0)
[2025.02.08-04.52.17:014][  0]LogD3D11RHI:       128/0/3957 MB DedicatedVideo/DedicatedSystem/SharedSystem, Outputs:1, VendorId:0x8086
[2025.02.08-04.52.17:027][  0]LogD3D11RHI:    1. 'Microsoft Basic Render Driver' (Feature Level 11_0)
[2025.02.08-04.52.17:027][  0]LogD3D11RHI:       0/0/3957 MB DedicatedVideo/DedicatedSystem/SharedSystem, Outputs:0, VendorId:0x1414
[2025.02.08-04.52.17:027][  0]LogD3D11RHI: Chosen D3D11 Adapter:
[2025.02.08-04.52.17:027][  0]LogD3D11RHI:     Description : Intel(R) UHD Graphics
[2025.02.08-04.52.17:027][  0]LogD3D11RHI:     VendorId    : 8086
[2025.02.08-04.52.17:027][  0]LogD3D11RHI:     DeviceId    : 9a78
[2025.02.08-04.52.17:027][  0]LogD3D11RHI:     SubSysId    : a5c1028
[2025.02.08-04.52.17:027][  0]LogD3D11RHI:     Revision    : 0001
[2025.02.08-04.52.17:027][  0]LogD3D11RHI:     DedicatedVideoMemory : 134217728 bytes
[2025.02.08-04.52.17:027][  0]LogD3D11RHI:     DedicatedSystemMemory : 0 bytes
[2025.02.08-04.52.17:027][  0]LogD3D11RHI:     SharedSystemMemory : 4149803008 bytes
[2025.02.08-04.52.17:027][  0]LogD3D11RHI:     AdapterLuid : 0 97995
[2025.02.08-04.52.17:035][  0]LogD3D11RHI: Creating new Direct3DDevice
[2025.02.08-04.52.17:035][  0]LogD3D11RHI:     GPU DeviceId: 0x9a78 (for the marketing name, search the web for "GPU Device Id")
[2025.02.08-04.52.17:035][  0]LogWindows: EnumDisplayDevices:
[2025.02.08-04.52.17:036][  0]LogWindows:    0. 'Intel(R) UHD Graphics' (P:1 D:1)
[2025.02.08-04.52.17:036][  0]LogWindows:    1. 'Intel(R) UHD Graphics' (P:0 D:0)
[2025.02.08-04.52.17:036][  0]LogWindows:    2. 'Intel(R) UHD Graphics' (P:0 D:0)
[2025.02.08-04.52.17:036][  0]LogWindows:    3. 'Intel(R) UHD Graphics' (P:0 D:0)
[2025.02.08-04.52.17:036][  0]LogWindows: DebugString: FoundDriverCount:4 
[2025.02.08-04.52.17:036][  0]LogD3D11RHI:     Adapter Name: Intel(R) UHD Graphics
[2025.02.08-04.52.17:036][  0]LogD3D11RHI:   Driver Version: 32.0.101.5768 (internal:32.0.101.5768, unified:32.0.101.5768)
[2025.02.08-04.52.17:036][  0]LogD3D11RHI:      Driver Date: 7-24-2024
[2025.02.08-04.52.17:036][  0]LogRHI: Texture pool is 1474 MB (70% of 2106 MB)
[2025.02.08-04.52.17:064][  0]LogD3D11RHI: Creating D3DDevice using adapter:
[2025.02.08-04.52.17:064][  0]LogD3D11RHI:     Description : Intel(R) UHD Graphics
[2025.02.08-04.52.17:064][  0]LogD3D11RHI:     VendorId    : 8086
[2025.02.08-04.52.17:064][  0]LogD3D11RHI:     DeviceId    : 9a78
[2025.02.08-04.52.17:064][  0]LogD3D11RHI:     SubSysId    : a5c1028
[2025.02.08-04.52.17:064][  0]LogD3D11RHI:     Revision    : 0001
[2025.02.08-04.52.17:064][  0]LogD3D11RHI:     DedicatedVideoMemory : 134217728 bytes
[2025.02.08-04.52.17:064][  0]LogD3D11RHI:     DedicatedSystemMemory : 0 bytes
[2025.02.08-04.52.17:064][  0]LogD3D11RHI:     SharedSystemMemory : 4149803008 bytes
[2025.02.08-04.52.17:064][  0]LogD3D11RHI:     AdapterLuid : 0 97995
[2025.02.08-04.52.17:118][  0]LogD3D11RHI: RHI does not have support for 64 bit atomics
[2025.02.08-04.52.17:141][  0]LogD3D11RHI: Intel Extensions support version Full=16777216, Major=1, Minor=0, Revision=0
[2025.02.08-04.52.17:141][  0]LogD3D11RHI: Intel Extensions support version Full=16777217, Major=1, Minor=0, Revision=1
[2025.02.08-04.52.17:141][  0]LogD3D11RHI: Intel Extensions Framework enabled
[2025.02.08-04.52.17:145][  0]LogD3D11RHI: [IntelMetricsDiscovery] Started
[2025.02.08-04.52.17:145][  0]LogD3D11RHI: Async texture creation enabled
[2025.02.08-04.52.17:145][  0]LogD3D11RHI: Array index from any shader is supported
[2025.02.08-04.52.17:176][  0]LogD3D11RHI: GPU Timing Frequency: 19.200000 (Debug: 2 0)
[2025.02.08-04.52.17:694][  0]LogTargetPlatformManager: Display: Loaded TargetPlatform 'AllDesktop'
[2025.02.08-04.52.17:727][  0]LogTargetPlatformManager: Display: Loaded TargetPlatform 'Android'
[2025.02.08-04.52.17:727][  0]LogTargetPlatformManager: Display: Loaded TargetPlatform 'Android_ASTC'
[2025.02.08-04.52.17:728][  0]LogTargetPlatformManager: Display: Loaded TargetPlatform 'Android_DXT'
[2025.02.08-04.52.17:728][  0]LogTargetPlatformManager: Display: Loaded TargetPlatform 'Android_ETC2'
[2025.02.08-04.52.17:728][  0]LogTargetPlatformManager: Display: Loaded TargetPlatform 'AndroidClient'
[2025.02.08-04.52.17:728][  0]LogTargetPlatformManager: Display: Loaded TargetPlatform 'Android_ASTCClient'
[2025.02.08-04.52.17:728][  0]LogTargetPlatformManager: Display: Loaded TargetPlatform 'Android_DXTClient'
[2025.02.08-04.52.17:728][  0]LogTargetPlatformManager: Display: Loaded TargetPlatform 'Android_ETC2Client'
[2025.02.08-04.52.17:728][  0]LogTargetPlatformManager: Display: Loaded TargetPlatform 'Android_Multi'
[2025.02.08-04.52.17:728][  0]LogTargetPlatformManager: Display: Loaded TargetPlatform 'Android_MultiClient'
[2025.02.08-04.52.17:763][  0]LogTargetPlatformManager: Display: Loaded TargetPlatform 'IOSClient'
[2025.02.08-04.52.17:763][  0]LogTargetPlatformManager: Display: Loaded TargetPlatform 'IOS'
[2025.02.08-04.52.17:777][  0]LogTargetPlatformManager: Display: Loaded TargetPlatform 'Linux'
[2025.02.08-04.52.17:784][  0]LogTargetPlatformManager: Display: Loaded TargetPlatform 'LinuxNoEditor'
[2025.02.08-04.52.17:791][  0]LogTargetPlatformManager: Display: Loaded TargetPlatform 'LinuxClient'
[2025.02.08-04.52.17:798][  0]LogTargetPlatformManager: Display: Loaded TargetPlatform 'LinuxServer'
[2025.02.08-04.52.17:813][  0]LogTargetPlatformManager: Display: Loaded TargetPlatform 'LinuxAArch64NoEditor'
[2025.02.08-04.52.17:820][  0]LogTargetPlatformManager: Display: Loaded TargetPlatform 'LinuxAArch64Client'
[2025.02.08-04.52.17:827][  0]LogTargetPlatformManager: Display: Loaded TargetPlatform 'LinuxAArch64Server'
[2025.02.08-04.52.17:864][  0]LogTargetPlatformManager: Display: Loaded TargetPlatform 'Lumin'
[2025.02.08-04.52.17:864][  0]LogTargetPlatformManager: Display: Loaded TargetPlatform 'LuminClient'
[2025.02.08-04.52.17:877][  0]LogTargetPlatformManager: Display: Loaded TargetPlatform 'MacNoEditor'
[2025.02.08-04.52.17:887][  0]LogTargetPlatformManager: Display: Loaded TargetPlatform 'Mac'
[2025.02.08-04.52.17:894][  0]LogTargetPlatformManager: Display: Loaded TargetPlatform 'MacClient'
[2025.02.08-04.52.17:900][  0]LogTargetPlatformManager: Display: Loaded TargetPlatform 'MacServer'
[2025.02.08-04.52.17:915][  0]LogTargetPlatformManager: Display: Loaded TargetPlatform 'TVOSClient'
[2025.02.08-04.52.17:915][  0]LogTargetPlatformManager: Display: Loaded TargetPlatform 'TVOS'
[2025.02.08-04.52.17:928][  0]LogTargetPlatformManager: Display: Loaded TargetPlatform 'WindowsNoEditor'
[2025.02.08-04.52.17:939][  0]LogTargetPlatformManager: Display: Loaded TargetPlatform 'Windows'
[2025.02.08-04.52.17:946][  0]LogTargetPlatformManager: Display: Loaded TargetPlatform 'WindowsClient'
[2025.02.08-04.52.17:953][  0]LogTargetPlatformManager: Display: Loaded TargetPlatform 'WindowsServer'
[2025.02.08-04.52.17:954][  0]LogTargetPlatformManager: Display: Building Assets For Windows
[2025.02.08-04.52.17:972][  0]LogAudioDebug: Display: Lib vorbis DLL was dynamically loaded.
[2025.02.08-04.52.18:053][  0]LogTextureFormatOodle: Display: Oodle Texture 2.9.0 init RDO Off
[2025.02.08-04.52.18:173][  0]LogRendererCore: Ray tracing is disabled. Reason: r.RayTracing=0.
[2025.02.08-04.52.18:174][  0]LogShaderCompilers: Guid format shader working directory is -39 characters bigger than the processId version (../../../../../../Users/Griff/OneDrive/Documents/GitHub/hellsrc/ProjectHellInsurance/Intermediate/Shaders/WorkingDirectory/10952/).
[2025.02.08-04.52.18:174][  0]LogShaderCompilers: Cleaned the shader compiler working directory 'C:/Users/Griff/AppData/Local/Temp/UnrealShaderWorkingDir/28C90F3944C201F75FB3ED98D0BE18AE/'.
[2025.02.08-04.52.18:175][  0]LogXGEController: Cannot use XGE Controller as Incredibuild is not installed on this machine.
[2025.02.08-04.52.18:175][  0]LogShaderCompilers: Cannot use XGE Shader Compiler as Incredibuild is not installed on this machine.
[2025.02.08-04.52.18:175][  0]LogShaderCompilers: Display: Using Local Shader Compiler.
[2025.02.08-04.52.19:091][  0]LogDerivedDataCache: Display: Max Cache Size: 512 MB
[2025.02.08-04.52.19:191][  0]LogDerivedDataCache: Loaded boot cache 0.10s 94MB C:/Users/Griff/AppData/Local/UnrealEngine/4.27/DerivedDataCache/Boot.ddc.
[2025.02.08-04.52.19:191][  0]LogDerivedDataCache: Display: Loaded Boot cache: C:/Users/Griff/AppData/Local/UnrealEngine/4.27/DerivedDataCache/Boot.ddc
[2025.02.08-04.52.19:191][  0]LogDerivedDataCache: FDerivedDataBackendGraph:  Pak pak cache file ../../../../../../Users/Griff/OneDrive/Documents/GitHub/hellsrc/ProjectHellInsurance/DerivedDataCache/DDC.ddp not found, will not use a pak cache.
[2025.02.08-04.52.19:191][  0]LogDerivedDataCache: Unable to find inner node Pak for hierarchical cache Hierarchy.
[2025.02.08-04.52.19:191][  0]LogDerivedDataCache: FDerivedDataBackendGraph:  CompressedPak pak cache file ../../../../../../Users/Griff/OneDrive/Documents/GitHub/hellsrc/ProjectHellInsurance/DerivedDataCache/Compressed.ddp not found, will not use a pak cache.
[2025.02.08-04.52.19:191][  0]LogDerivedDataCache: Unable to find inner node CompressedPak for hierarchical cache Hierarchy.
[2025.02.08-04.52.19:215][  0]LogDerivedDataCache: Display: Pak cache opened for reading ../../../Engine/DerivedDataCache/Compressed.ddp.
[2025.02.08-04.52.19:215][  0]LogDerivedDataCache: FDerivedDataBackendGraph:  EnterprisePak pak cache file ../../../Enterprise/DerivedDataCache/Compressed.ddp not found, will not use a pak cache.
[2025.02.08-04.52.19:215][  0]LogDerivedDataCache: Unable to find inner node EnterprisePak for hierarchical cache Hierarchy.
[2025.02.08-04.52.19:241][  0]LogDerivedDataCache: Speed tests for C:/Users/Griff/AppData/Local/UnrealEngine/Common/DerivedDataCache took 0.02 seconds
[2025.02.08-04.52.19:241][  0]LogDerivedDataCache: Display: Performance to C:/Users/Griff/AppData/Local/UnrealEngine/Common/DerivedDataCache: Latency=0.09ms. RandomReadSpeed=50.65MBs, RandomWriteSpeed=191.57MBs. Assigned SpeedClass 'Local'
[2025.02.08-04.52.19:242][  0]LogDerivedDataCache: Using Local data cache path C:/Users/Griff/AppData/Local/UnrealEngine/Common/DerivedDataCache: Writable
[2025.02.08-04.52.19:242][  0]LogDerivedDataCache: Shared data cache path not found in *engine.ini, will not use an Shared cache.
[2025.02.08-04.52.19:242][  0]LogDerivedDataCache: Unable to find inner node Shared for hierarchical cache Hierarchy.
[2025.02.08-04.52.19:296][  0]LogSlate: Using FreeType 2.10.0
[2025.02.08-04.52.19:300][  0]LogSlate: SlateFontServices - WITH_FREETYPE: 1, WITH_HARFBUZZ: 1
[2025.02.08-04.52.19:472][  0]LogAssetRegistry: FAssetRegistry took 0.0108 seconds to start up
[2025.02.08-04.52.19:972][  0]LogInit: Selected Device Profile: [Windows]
[2025.02.08-04.52.19:972][  0]LogInit: Active device profile: [0000018083EAED00][00000180FE3CE980 49] Windows
[2025.02.08-04.52.19:972][  0]LogInit: Profiles: [0000018083EAED00][00000180FE3CE980 49] Windows, [0000018083E4DB00][00000180FE3D6B00 49] WindowsNoEditor, [0000018083EAE000][00000180FE3DAC80 49] WindowsServer, [0000018083E4E700][00000180FE3D2DC0 49] WindowsClient, [0000018083EADA00][00000180FE3DEF00 49] IOS, [0000018083E4D500][00000180FE3E3040 49] iPadAir, [0000018083EAF000][00000180FE3E7180 49] iPadAir2, [0000018083E01200][00000180FE3F3440 49] IPadPro, [0000018083E01300][00000180FE3EF480 49] iPadAir3, [0000018083E4F400][00000180FE3F7600 49] iPadAir4, [0000018083E02000][00000180FE3FB780 49] iPadMini2, [0000018083E4D900][00000180F6619900 49] iPadMini3, [0000018083E02B00][00000180F661DA80 49] iPadMini4, [0000018083E4F300][00000180F6621C00 49] iPadMini5, [0000018083E10B00][00000180F6628340 49] iPhone6, [0000018083E10C00][00000180F6624380 49] iPodTouch6, [0000018083EAC700][00000180F6630640 49] iPhone7, [0000018083EAC500][00000180F662C680 49] iPodTouch7, [0000018083E03C00][00000180F6634800 49] iPhone5S, [0000018083E01E00][00000180F6638980 49] iPhone6Plus, [0000018083E13D00][00000180F663CB00 49] iPhone6S, [0000018083E00E00][00000180F6640C80 49] iPhone6SPlus, [0000018083E13600][00000180F6644E00 49] iPhone7Plus, [0000018083E02C00][00000180FE3EAF40 49] iPhoneSE, [0000018083E12100][00000180F6649080 49] iPhone8, [0000018083E01B00][00000180F664D1C0 49] iPhone8Plus, [0000018083E12700][00000180F6651300 49] iPhoneX, [0000018083E01F00][00000180F6659480 49] iPhoneXS, [0000018083E10D00][00000180833BB600 49] iPhoneXSMax, [0000018083EAEA00][00000180833BF780 49] iPhoneXR, [0000018083E12A00][00000180833C3900 49] iPhone11, [0000018083EAD300][00000180833C7A80 49] iPhone11Pro, [0000018083E13400][00000180833CBC00 49] iPhone11ProMax, [0000018083EAF200][00000180833CE200 49] iPhoneSE2, [0000018083E11500][00000180833D2380 49] iPhone12Mini, [0000018083EAD000][00000180833D6500 49] iPhone12, [0000018083E13700][00000180833DA680 49] iPhone12Pro, [0000018083EADD00][00000180833DE800 49] iPhone12ProMax, [0000018083E10600][00000180833E2980 49] iPadPro105, [0000018083EAD500][00000180833E6B00 49] iPadPro129, [0000018083E10200][00000180833EAC80 49] iPadPro97, [0000018083EAEF00][00000180833EEE00 49] iPadPro2_129, [0000018083E11700][00000180833F2F80 49] iPad5, [0000018083EAF600][00000180833F7100 49] iPad6, [0000018083E11800][00000180F6655240 49] iPad7, [0000018083EAF800][00000180833FB380 49] iPad8, [0000018083E11900][00000180833FF4C0 49] iPadPro11, [0000018083EAE400][0000018083407640 49] iPadPro2_11, [0000018083E12800][000001808340B7C0 49] iPadPro3_129, [0000018083EAF300][0000018084421940 49] iPadPro4_129, [0000018083E10A00][0000018084425AC0 49] AppleTV, [0000018083EAFA00][00000180844280C0 49] AppleTV4K, [0000018083E10500][000001808442C240 49] TVOS, [0000018083EAE700][00000180844303C0 49] Mac, [0000018083E12400][0000018084434540 49] MacClient, [0000018083EAE200][00000180844386C0 49] MacNoEditor, [0000018083E10800][000001808443C840 49] MacServer, [0000018083EADF00][00000180844409C0 49] Linux, [0000018083E12F00][0000018084444B40 49] LinuxAArch64, [0000018083EADC00][0000018084448CC0 49] LinuxNoEditor, [0000018083E13300][000001808444CE40 49] LinuxAArch64NoEditor, [0000018083EAD700][0000018084450FC0 49] LinuxClient, [0000018083E11100][0000018084455140 49] LinuxAArch64Client, [0000018083EAD600][00000180844592C0 49] LinuxServer, [0000018083E10400][0000018083403400 49] LinuxAArch64Server, [0000018083EACB00][000001808445D540 49] Android, [0000018083E11F00][0000018084461680 49] Android_Low, [0000018083EAC600][00000180844657C0 49] Android_Mid, [0000018083E11600][000001808446D940 49] Android_High, [0000018083EAD200][0000018084471AC0 49] Android_Default, [0000018083E12000][00000180844740C0 49] Android_Adreno4xx, [0000018083EAE900][0000018084478240 49] Android_Adreno5xx_Low, [0000018083E12900][000001808447C3C0 49] Android_Adreno5xx, [0000018083E01000][0000018084480540 49] Android_Adreno6xx, [0000018083E4D700][00000180844846C0 49] Android_Adreno6xx_Vulkan, [0000018083E01A00][0000018084488840 49] Android_Mali_T6xx, [0000018083E4DE00][000001808448C9C0 49] Android_Mali_T7xx, [0000018083E03500][0000018084490B40 49] Android_Mali_T8xx, [0000018083E4FE00][0000018084494CC0 49] Android_Mali_G71, [0000018083E00B00][0000018084498E40 49] Android_Mali_G72, [0000018083E4EC00][000001808449CFC0 49] Android_Mali_G72_Vulkan, [0000018083E02500][00000180844A1140 49] Android_Mali_G76, [0000018083E4E100][00000180844A52C0 49] Android_Mali_G76_Vulkan, [0000018083E00900][00000180844A9440 49] Android_Mali_G77, [0000018083E4D400][0000018084469580 49] Android_Mali_G77_Vulkan, [0000018083E03800][00000180844AD6C0 49] Android_Mali_G78, [0000018083E4ED00][00000180844B1800 49] Android_Mali_G78_Vulkan, [0000018083E00F00][00000180FDFC1940 49] Android_Mali_G710, [0000018083E4C100][00000180FDFCDAC0 49] Android_Mali_G710_Vulkan, [0000018083E01500][00000180FDF140C0 49] Android_Vulkan_SM5, [0000018083E4C700][00000180FDF20240 49] Android_PowerVR_G6xxx, [0000018083E00C00][00000180FE0303C0 49] Android_PowerVR_GT7xxx, [0000018083E4F800][0000018084528540 49] Android_PowerVR_GE8xxx, [0000018083E03300][00000180845CE6C0 49] Android_PowerVR_GM9xxx, [0000018083E4E500][0000018084684840 49] Android_PowerVR_GM9xxx_Vulkan, [0000018083E02200][00000180846889C0 49] Android_TegraK1, [0000018083E4FB00][00000180FE2E4B40 49] Android_Unknown_Vulkan, [0000018083E01100][00000180FE2ECCC0 49] Lumin, [0000018083E4E200][00000180FE2F4E40 49] Lumin_Desktop, [0000018083E00700][00000180FE2F8FC0 49] HoloLens, 
[2025.02.08-04.52.20:209][  0]LogMeshReduction: Using QuadricMeshReduction for automatic static mesh reduction
[2025.02.08-04.52.20:209][  0]LogMeshReduction: Using SimplygonMeshReduction for automatic skeletal mesh reduction
[2025.02.08-04.52.20:209][  0]LogMeshReduction: Using ProxyLODMeshReduction for automatic mesh merging
[2025.02.08-04.52.20:209][  0]LogMeshReduction: No distributed automatic mesh merging module available
[2025.02.08-04.52.20:209][  0]LogMeshMerging: No distributed automatic mesh merging module available
[2025.02.08-04.52.20:239][  0]LogNetVersion: ProjectHellInsurance 1.0.0, NetCL: 17155196, EngineNetVer: 17, GameNetVer: 0 (Checksum: 3278014901)
[2025.02.08-04.52.21:126][  0]LogTexture: Default maximum texture size for cubemaps generated from long-lat sources has been changed from 512 to unlimited. In order to preserve old behaiour for '/Engine/MapTemplates/Sky/DaylightAmbientCubemap.DaylightAmbientCubemap', its maximum texture size has been explicitly set to 512.
[2025.02.08-04.52.21:241][  0]LogHMD: PokeAHoleMaterial loaded successfully
[2025.02.08-04.52.21:250][  0]LogUObjectArray: 17178 objects as part of root set at end of initial load.
[2025.02.08-04.52.21:250][  0]LogUObjectAllocator: 4302048 out of 0 bytes used by permanent object pool.
[2025.02.08-04.52.21:250][  0]LogUObjectArray: CloseDisregardForGC: 0/0 objects in disregard for GC pool
[2025.02.08-04.52.22:050][  0]LogNiagaraDebuggerClient: Niagara Debugger Client Initialized | Session: 5E43AF6B44701CE33CBB6BAFF5317A58 | Instance: 7756B943416220461D82848FCFDEC057 (DESKTOP-QC3PMKN-10952).
[2025.02.08-04.52.22:327][  0]LogPython: Using Python 3.7.7
[2025.02.08-04.52.23:153][  0]LogTcpMessaging: Initializing TcpMessaging bridge
[2025.02.08-04.52.23:165][  0]LogUdpMessaging: Initializing bridge on interface 0.0.0.0:0 to multicast group 230.0.0.1:6666.
[2025.02.08-04.52.23:551][  0]SourceControl: Source control is disabled
[2025.02.08-04.52.23:551][  0]SourceControl: Source control is disabled
[2025.02.08-04.52.23:564][  0]SourceControl: Source control is disabled
[2025.02.08-04.52.23:572][  0]SourceControl: Source control is disabled
[2025.02.08-04.52.23:592][  0]SourceControl: Source control is disabled
[2025.02.08-04.52.23:602][  0]LogUProjectInfo: Found projects:
[2025.02.08-04.52.24:260][  0]LogOpenImageDenoise: OIDN starting up
[2025.02.08-04.52.24:359][  0]LogAndroidPermission: UAndroidPermissionCallbackProxy::GetInstance
[2025.02.08-04.52.24:401][  0]LogAudioCaptureCore: Display: No Audio Capture implementations found. Audio input will be silent.
[2025.02.08-04.52.24:401][  0]LogAudioCaptureCore: Display: No Audio Capture implementations found. Audio input will be silent.
[2025.02.08-04.52.24:664][  0]LogCollectionManager: Loaded 0 collections in 0.002514 seconds
[2025.02.08-04.52.24:719][  0]LogFileCache: Scanning file cache for directory 'C:/Users/Griff/OneDrive/Documents/GitHub/hellsrc/ProjectHellInsurance/Saved/Collections/' took 0.00s
[2025.02.08-04.52.24:719][  0]LogFileCache: Scanning file cache for directory 'C:/Users/Griff/OneDrive/Documents/GitHub/hellsrc/ProjectHellInsurance/Content/Developers/Griff/Collections/' took 0.00s
[2025.02.08-04.52.24:719][  0]LogFileCache: Scanning file cache for directory 'C:/Users/Griff/OneDrive/Documents/GitHub/hellsrc/ProjectHellInsurance/Content/Collections/' took 0.00s
[2025.02.08-04.52.24:719][  0]LogOcInput: OculusInput pre-init called
[2025.02.08-04.52.25:297][  0]LogEngine: Initializing Engine...
[2025.02.08-04.52.25:336][  0]LogHMD: Failed to enumerate extensions. Please check that you have a valid OpenXR runtime installed.
[2025.02.08-04.52.25:338][  0]LogHMD: Failed to initialize OpenVR with code 110
[2025.02.08-04.52.25:340][  0]LogMagicLeap: Warning: VR disabled because ZI is not enabled.  To enable, in the editor, Edit -> Project Settings -> Plugins -> Magic Leap Plugin -> Enable Zero Iteration
[2025.02.08-04.52.25:357][  0]LogStats: UGameplayTagsManager::InitializeManager -  0.006 s
[2025.02.08-04.52.25:549][  0]LogInit: Initializing FReadOnlyCVARCache
[2025.02.08-04.52.25:699][  0]LogAIModule: Creating AISystem for world Untitled
[2025.02.08-04.52.25:720][  0]LogAudio: Display: Initializing Audio Device Manager...
[2025.02.08-04.52.25:728][  0]LogAudio: Display: Loading Default Audio Settings Objects...
[2025.02.08-04.52.25:732][  0]LogAudio: Display: No default SoundConcurrencyObject specified (or failed to load).
[2025.02.08-04.52.25:741][  0]LogAudio: Display: Audio Device Manager Initialized
[2025.02.08-04.52.25:741][  0]LogAudio: Display: Creating Audio Device:                 Id: 1, Scope: Shared, Realtime: True
[2025.02.08-04.52.25:743][  0]LogAudioMixer: Display: Audio Mixer Platform Settings:
[2025.02.08-04.52.25:743][  0]LogAudioMixer: Display: 	Sample Rate:						  48000
[2025.02.08-04.52.25:743][  0]LogAudioMixer: Display: 	Callback Buffer Frame Size Requested: 1024
[2025.02.08-04.52.25:743][  0]LogAudioMixer: Display: 	Callback Buffer Frame Size To Use:	  1024
[2025.02.08-04.52.25:743][  0]LogAudioMixer: Display: 	Number of buffers to queue:			  2
[2025.02.08-04.52.25:743][  0]LogAudioMixer: Display: 	Max Channels (voices):				  32
[2025.02.08-04.52.25:743][  0]LogAudioMixer: Display: 	Number of Async Source Workers:		  0
[2025.02.08-04.52.25:744][  0]LogAudio: Display: AudioDevice MaxSources: 32
[2025.02.08-04.52.25:747][  0]LogAudio: Display: Audio Spatialization Plugin: None (built-in).
[2025.02.08-04.52.25:747][  0]LogAudio: Display: Audio Reverb Plugin: None (built-in).
[2025.02.08-04.52.25:747][  0]LogAudio: Display: Audio Occlusion Plugin: None (built-in).
[2025.02.08-04.52.25:747][  0]LogAudioMixer: Display: Initializing audio mixer.
[2025.02.08-04.52.25:776][  0]LogAudioMixer: Display: 0: FrontLeft
[2025.02.08-04.52.25:777][  0]LogAudioMixer: Display: 1: FrontRight
[2025.02.08-04.52.25:856][  0]LogAudioMixer: Display: Using Audio Device Speakers (Realtek(R) Audio)
[2025.02.08-04.52.25:868][  0]LogAudioMixer: Display: Initializing Sound Submixes...
[2025.02.08-04.52.25:872][  0]LogAudioMixer: Display: Creating Master Submix 'MasterSubmixDefault'
[2025.02.08-04.52.25:872][  0]LogAudioMixer: Display: Creating Master Submix 'MasterReverbSubmixDefault'
[2025.02.08-04.52.25:874][  0]LogAudioMixer: Display: Creating Master Submix 'MasterEQSubmixDefault'
[2025.02.08-04.52.25:874][  0]LogAudioMixer: FMixerPlatformXAudio2::StartAudioStream() called
[2025.02.08-04.52.25:874][  0]LogAudioMixer: Display: Output buffers initialized: Frames=1024, Channels=2, Samples=2048
[2025.02.08-04.52.25:876][  0]LogAudioMixer: Display: Starting AudioMixerPlatformInterface::RunInternal()
[2025.02.08-04.52.25:876][  0]LogAudioMixer: Display: FMixerPlatformXAudio2::SubmitBuffer() called for the first time
[2025.02.08-04.52.25:876][  0]LogInit: FAudioDevice initialized.
[2025.02.08-04.52.25:880][  0]LogAudio: Display: Audio Device (ID: 1) registered with world 'Untitled'.
[2025.02.08-04.52.25:880][  0]LogNetVersion: Set ProjectVersion to 1.0.0.0. Version Checksum will be recalculated on next use.
[2025.02.08-04.52.25:981][  0]LogDerivedDataCache: Saved boot cache 0.10s 94MB C:/Users/Griff/AppData/Local/UnrealEngine/4.27/DerivedDataCache/Boot.ddc.
[2025.02.08-04.52.25:982][  0]LogInit: Texture streaming: Enabled
[2025.02.08-04.52.26:016][  0]LogAnalytics: Display: [UEEditor.Rocket.Release] APIServer = https://datarouter.ol.epicgames.com/. AppVersion = 4.27.2-18319896+++UE4+Release-4.27
[2025.02.08-04.52.26:034][  0]LogEngineSessionManager: EngineSessionManager initialized
[2025.02.08-04.52.26:037][  0]LogEditorSessionSummary: Verbose: Initializing EditorSessionSummaryWriter for editor session tracking
[2025.02.08-04.52.26:047][  0]LogEditorSessionSummary: EditorSessionSummaryWriter initialized
[2025.02.08-04.52.26:096][  0]LogInit: Transaction tracking system initialized
[2025.02.08-04.52.26:179][  0]BlueprintLog: New page: Editor Load
[2025.02.08-04.52.26:436][  0]LocalizationService: Localization service is disabled
[2025.02.08-04.52.26:560][  0]TimingProfiler: Initialize
[2025.02.08-04.52.26:561][  0]TimingProfiler: OnSessionChanged
[2025.02.08-04.52.26:561][  0]LoadingProfiler: Initialize
[2025.02.08-04.52.26:562][  0]LoadingProfiler: OnSessionChanged
[2025.02.08-04.52.26:562][  0]NetworkingProfiler: Initialize
[2025.02.08-04.52.26:563][  0]NetworkingProfiler: OnSessionChanged
[2025.02.08-04.52.26:563][  0]MemoryProfiler: Initialize
[2025.02.08-04.52.26:563][  0]MemoryProfiler: OnSessionChanged
[2025.02.08-04.52.26:933][  0]LogCook: Display: CookSettings for Memory: MemoryMaxUsedVirtual 0MiB, MemoryMaxUsedPhysical 16384MiB, MemoryMinFreeVirtual 0MiB, MemoryMinFreePhysical 1024MiB
[2025.02.08-04.52.26:933][  0]LogCook: Display: Mobile HDR setting 1
[2025.02.08-04.52.27:463][  0]LogFileCache: Scanning file cache for directory 'C:/Users/Griff/OneDrive/Documents/GitHub/hellsrc/ProjectHellInsurance/Content/' took 0.01s
[2025.02.08-04.52.27:765][  0]LogInit: Display: Engine is initialized. Leaving FEngineLoop::Init()
[2025.02.08-04.52.27:788][  0]SourceControl: Source control is disabled
[2025.02.08-04.52.27:788][  0]LogUnrealEdMisc: Loading editor; pre map load, took 17.277
[2025.02.08-04.52.27:791][  0]Cmd: MAP LOAD FILE="../../../../../../Users/Griff/OneDrive/Documents/GitHub/hellsrc/ProjectHellInsurance/Content/TopDownBP/Maps/TopDownExampleMap.umap" TEMPLATE=0 SHOWPROGRESS=1 FEATURELEVEL=3
[2025.02.08-04.52.27:796][  0]LightingResults: New page: Lighting Build
[2025.02.08-04.52.27:809][  0]LogWorld: UWorld::CleanupWorld for Untitled, bSessionEnded=true, bCleanupResources=true
[2025.02.08-04.52.27:817][  0]LogSlate: InvalidateAllWidgets triggered.  All widgets were invalidated
[2025.02.08-04.52.27:822][  0]MapCheck: New page: Map Check
[2025.02.08-04.52.27:822][  0]LightingResults: New page: Lighting Build
[2025.02.08-04.52.27:861][  0]LogAudio: Display: Audio Device unregistered from world 'None'.
[2025.02.08-04.52.27:908][  0]LogUObjectHash: Compacting FUObjectHashTables data took   2.20ms
[2025.02.08-04.52.28:218][  0]LogTexture: Display: Building textures: DeprecatedTextureFA79271141B0C16E0AB806B8FE9AB1E1 (BGRA8, 128X128)
[2025.02.08-04.52.28:349][  0]LogAudio: Display: Audio Device (ID: 1) registered with world 'TopDownExampleMap'.
[2025.02.08-04.52.28:351][  0]LogAIModule: Creating AISystem for world TopDownExampleMap
[2025.02.08-04.52.28:440][  0]LogEditorServer: Finished looking for orphan Actors (0.000 secs)
[2025.02.08-04.52.28:455][  0]LogNavigationDataBuild: Display:    Building NavData:  Name Default class /Script/NavigationSystem.RecastNavMesh agent radius 35.0.
[2025.02.08-04.52.28:475][  0]LogUObjectHash: Compacting FUObjectHashTables data took   1.09ms
[2025.02.08-04.52.28:479][  0]Cmd: MAP CHECKDEP NOCLEARLOG
[2025.02.08-04.52.28:480][  0]MapCheck: Map check complete: 0 Error(s), 0 Warning(s), took 0.493ms to complete.
[2025.02.08-04.52.28:480][  0]LogFileHelpers: Loading map 'TopDownExampleMap' took 0.691
[2025.02.08-04.52.28:622][  0]LogUnrealEdMisc: Total Editor Startup Time, took 18.111
[2025.02.08-04.52.28:909][  0]LogSlate: Updating window title bar state: overlay mode, drag disabled, window buttons hidden, title bar hidden
[2025.02.08-04.52.28:917][  0]LogSlate: Updating window title bar state: overlay mode, drag disabled, window buttons hidden, title bar hidden
[2025.02.08-04.52.28:924][  0]LogSlate: Updating window title bar state: overlay mode, drag disabled, window buttons hidden, title bar hidden
[2025.02.08-04.52.28:931][  0]LogSlate: Updating window title bar state: overlay mode, drag disabled, window buttons hidden, title bar hidden
[2025.02.08-04.52.28:997][  0]LogNativeClassHierarchy: Verbose: Native class hierarchy populated in 0.0110 seconds. Added 3822 classes and 928 folders.
[2025.02.08-04.52.29:022][  0]LogNativeClassHierarchy: Verbose: Native class hierarchy updated for 'WidgetCarousel' in 0.0003 seconds. Added 0 classes and 0 folders.
[2025.02.08-04.52.29:040][  0]LogPakFile: PakFile PrimaryIndexSize=187
[2025.02.08-04.52.29:040][  0]LogPakFile: PakFile PathHashIndexSize=101
[2025.02.08-04.52.29:040][  0]LogPakFile: PakFile FullDirectoryIndexSize=148
[2025.02.08-04.52.29:043][  0]LogShaderLibrary: Display: ShaderCodeLibraryPakFileMountedCallback: PakFile 'C:/Program Files/Epic Games/UE_4.27/FeaturePacks/FP_FirstPerson.upack' (chunk index -1, root 'root:/') mounted
[2025.02.08-04.52.29:043][  0]LogShaderLibrary: Display: ShaderCodeLibraryPakFileMountedCallback: pending pak file info (ChunkID:-1 Root:root:/ File:C:/Program Files/Epic Games/UE_4.27/FeaturePacks/FP_FirstPerson.upack)
[2025.02.08-04.52.29:043][  0]LogPakFile: OnPakFileMounted2Time == 0.003525
[2025.02.08-04.52.29:050][  0]LogPakFile: PakFile PrimaryIndexSize=189
[2025.02.08-04.52.29:050][  0]LogPakFile: PakFile PathHashIndexSize=101
[2025.02.08-04.52.29:050][  0]LogPakFile: PakFile FullDirectoryIndexSize=152
[2025.02.08-04.52.29:050][  0]LogShaderLibrary: Display: ShaderCodeLibraryPakFileMountedCallback: PakFile 'C:/Program Files/Epic Games/UE_4.27/FeaturePacks/FP_FirstPersonBP.upack' (chunk index -1, root 'root:/') mounted
[2025.02.08-04.52.29:050][  0]LogShaderLibrary: Display: ShaderCodeLibraryPakFileMountedCallback: pending pak file info (ChunkID:-1 Root:root:/ File:C:/Program Files/Epic Games/UE_4.27/FeaturePacks/FP_FirstPersonBP.upack)
[2025.02.08-04.52.29:050][  0]LogPakFile: OnPakFileMounted2Time == 0.000062
[2025.02.08-04.52.29:053][  0]LogPakFile: PakFile PrimaryIndexSize=191
[2025.02.08-04.52.29:053][  0]LogPakFile: PakFile PathHashIndexSize=101
[2025.02.08-04.52.29:053][  0]LogPakFile: PakFile FullDirectoryIndexSize=160
[2025.02.08-04.52.29:053][  0]LogShaderLibrary: Display: ShaderCodeLibraryPakFileMountedCallback: PakFile 'C:/Program Files/Epic Games/UE_4.27/FeaturePacks/MobileStarterContent.upack' (chunk index -1, root 'root:/') mounted
[2025.02.08-04.52.29:053][  0]LogShaderLibrary: Display: ShaderCodeLibraryPakFileMountedCallback: pending pak file info (ChunkID:-1 Root:root:/ File:C:/Program Files/Epic Games/UE_4.27/FeaturePacks/MobileStarterContent.upack)
[2025.02.08-04.52.29:053][  0]LogPakFile: OnPakFileMounted2Time == 0.000038
[2025.02.08-04.52.29:055][  0]LogPakFile: PakFile PrimaryIndexSize=185
[2025.02.08-04.52.29:055][  0]LogPakFile: PakFile PathHashIndexSize=101
[2025.02.08-04.52.29:055][  0]LogPakFile: PakFile FullDirectoryIndexSize=148
[2025.02.08-04.52.29:055][  0]LogShaderLibrary: Display: ShaderCodeLibraryPakFileMountedCallback: PakFile 'C:/Program Files/Epic Games/UE_4.27/FeaturePacks/StarterContent.upack' (chunk index -1, root 'root:/') mounted
[2025.02.08-04.52.29:055][  0]LogShaderLibrary: Display: ShaderCodeLibraryPakFileMountedCallback: pending pak file info (ChunkID:-1 Root:root:/ File:C:/Program Files/Epic Games/UE_4.27/FeaturePacks/StarterContent.upack)
[2025.02.08-04.52.29:055][  0]LogPakFile: OnPakFileMounted2Time == 0.000054
[2025.02.08-04.52.29:062][  0]LogPakFile: PakFile PrimaryIndexSize=190
[2025.02.08-04.52.29:062][  0]LogPakFile: PakFile PathHashIndexSize=101
[2025.02.08-04.52.29:062][  0]LogPakFile: PakFile FullDirectoryIndexSize=154
[2025.02.08-04.52.29:062][  0]LogShaderLibrary: Display: ShaderCodeLibraryPakFileMountedCallback: PakFile 'C:/Program Files/Epic Games/UE_4.27/FeaturePacks/TP_2DSideScroller.upack' (chunk index -1, root 'root:/') mounted
[2025.02.08-04.52.29:062][  0]LogShaderLibrary: Display: ShaderCodeLibraryPakFileMountedCallback: pending pak file info (ChunkID:-1 Root:root:/ File:C:/Program Files/Epic Games/UE_4.27/FeaturePacks/TP_2DSideScroller.upack)
[2025.02.08-04.52.29:062][  0]LogPakFile: OnPakFileMounted2Time == 0.000095
[2025.02.08-04.52.29:065][  0]LogPakFile: PakFile PrimaryIndexSize=192
[2025.02.08-04.52.29:065][  0]LogPakFile: PakFile PathHashIndexSize=101
[2025.02.08-04.52.29:065][  0]LogPakFile: PakFile FullDirectoryIndexSize=158
[2025.02.08-04.52.29:065][  0]LogShaderLibrary: Display: ShaderCodeLibraryPakFileMountedCallback: PakFile 'C:/Program Files/Epic Games/UE_4.27/FeaturePacks/TP_2DSideScrollerBP.upack' (chunk index -1, root 'root:/') mounted
[2025.02.08-04.52.29:065][  0]LogShaderLibrary: Display: ShaderCodeLibraryPakFileMountedCallback: pending pak file info (ChunkID:-1 Root:root:/ File:C:/Program Files/Epic Games/UE_4.27/FeaturePacks/TP_2DSideScrollerBP.upack)
[2025.02.08-04.52.29:065][  0]LogPakFile: OnPakFileMounted2Time == 0.000053
[2025.02.08-04.52.29:068][  0]LogPakFile: PakFile PrimaryIndexSize=182
[2025.02.08-04.52.29:068][  0]LogPakFile: PakFile PathHashIndexSize=101
[2025.02.08-04.52.29:068][  0]LogPakFile: PakFile FullDirectoryIndexSize=138
[2025.02.08-04.52.29:068][  0]LogShaderLibrary: Display: ShaderCodeLibraryPakFileMountedCallback: PakFile 'C:/Program Files/Epic Games/UE_4.27/FeaturePacks/TP_Flying.upack' (chunk index -1, root 'root:/') mounted
[2025.02.08-04.52.29:068][  0]LogShaderLibrary: Display: ShaderCodeLibraryPakFileMountedCallback: pending pak file info (ChunkID:-1 Root:root:/ File:C:/Program Files/Epic Games/UE_4.27/FeaturePacks/TP_Flying.upack)
[2025.02.08-04.52.29:069][  0]LogPakFile: OnPakFileMounted2Time == 0.000056
[2025.02.08-04.52.29:071][  0]LogPakFile: PakFile PrimaryIndexSize=184
[2025.02.08-04.52.29:071][  0]LogPakFile: PakFile PathHashIndexSize=101
[2025.02.08-04.52.29:071][  0]LogPakFile: PakFile FullDirectoryIndexSize=142
[2025.02.08-04.52.29:071][  0]LogShaderLibrary: Display: ShaderCodeLibraryPakFileMountedCallback: PakFile 'C:/Program Files/Epic Games/UE_4.27/FeaturePacks/TP_FlyingBP.upack' (chunk index -1, root 'root:/') mounted
[2025.02.08-04.52.29:071][  0]LogShaderLibrary: Display: ShaderCodeLibraryPakFileMountedCallback: pending pak file info (ChunkID:-1 Root:root:/ File:C:/Program Files/Epic Games/UE_4.27/FeaturePacks/TP_FlyingBP.upack)
[2025.02.08-04.52.29:071][  0]LogPakFile: OnPakFileMounted2Time == 0.000054
[2025.02.08-04.52.29:073][  0]LogPakFile: PakFile PrimaryIndexSize=188
[2025.02.08-04.52.29:073][  0]LogPakFile: PakFile PathHashIndexSize=101
[2025.02.08-04.52.29:073][  0]LogPakFile: PakFile FullDirectoryIndexSize=150
[2025.02.08-04.52.29:073][  0]LogShaderLibrary: Display: ShaderCodeLibraryPakFileMountedCallback: PakFile 'C:/Program Files/Epic Games/UE_4.27/FeaturePacks/TP_HandheldARBP.upack' (chunk index -1, root 'root:/') mounted
[2025.02.08-04.52.29:073][  0]LogShaderLibrary: Display: ShaderCodeLibraryPakFileMountedCallback: pending pak file info (ChunkID:-1 Root:root:/ File:C:/Program Files/Epic Games/UE_4.27/FeaturePacks/TP_HandheldARBP.upack)
[2025.02.08-04.52.29:073][  0]LogPakFile: OnPakFileMounted2Time == 0.000053
[2025.02.08-04.52.29:082][  0]LogPakFile: PakFile PrimaryIndexSize=182
[2025.02.08-04.52.29:082][  0]LogPakFile: PakFile PathHashIndexSize=101
[2025.02.08-04.52.29:082][  0]LogPakFile: PakFile FullDirectoryIndexSize=138
[2025.02.08-04.52.29:082][  0]LogShaderLibrary: Display: ShaderCodeLibraryPakFileMountedCallback: PakFile 'C:/Program Files/Epic Games/UE_4.27/FeaturePacks/TP_Puzzle.upack' (chunk index -1, root 'root:/') mounted
[2025.02.08-04.52.29:082][  0]LogShaderLibrary: Display: ShaderCodeLibraryPakFileMountedCallback: pending pak file info (ChunkID:-1 Root:root:/ File:C:/Program Files/Epic Games/UE_4.27/FeaturePacks/TP_Puzzle.upack)
[2025.02.08-04.52.29:082][  0]LogPakFile: OnPakFileMounted2Time == 0.000070
[2025.02.08-04.52.29:085][  0]LogPakFile: PakFile PrimaryIndexSize=184
[2025.02.08-04.52.29:085][  0]LogPakFile: PakFile PathHashIndexSize=101
[2025.02.08-04.52.29:085][  0]LogPakFile: PakFile FullDirectoryIndexSize=142
[2025.02.08-04.52.29:085][  0]LogShaderLibrary: Display: ShaderCodeLibraryPakFileMountedCallback: PakFile 'C:/Program Files/Epic Games/UE_4.27/FeaturePacks/TP_PuzzleBP.upack' (chunk index -1, root 'root:/') mounted
[2025.02.08-04.52.29:085][  0]LogShaderLibrary: Display: ShaderCodeLibraryPakFileMountedCallback: pending pak file info (ChunkID:-1 Root:root:/ File:C:/Program Files/Epic Games/UE_4.27/FeaturePacks/TP_PuzzleBP.upack)
[2025.02.08-04.52.29:085][  0]LogPakFile: OnPakFileMounted2Time == 0.000054
[2025.02.08-04.52.29:087][  0]LogPakFile: PakFile PrimaryIndexSize=183
[2025.02.08-04.52.29:087][  0]LogPakFile: PakFile PathHashIndexSize=101
[2025.02.08-04.52.29:087][  0]LogPakFile: PakFile FullDirectoryIndexSize=140
[2025.02.08-04.52.29:087][  0]LogShaderLibrary: Display: ShaderCodeLibraryPakFileMountedCallback: PakFile 'C:/Program Files/Epic Games/UE_4.27/FeaturePacks/TP_Rolling.upack' (chunk index -1, root 'root:/') mounted
[2025.02.08-04.52.29:087][  0]LogShaderLibrary: Display: ShaderCodeLibraryPakFileMountedCallback: pending pak file info (ChunkID:-1 Root:root:/ File:C:/Program Files/Epic Games/UE_4.27/FeaturePacks/TP_Rolling.upack)
[2025.02.08-04.52.29:087][  0]LogPakFile: OnPakFileMounted2Time == 0.000050
[2025.02.08-04.52.29:090][  0]LogPakFile: PakFile PrimaryIndexSize=185
[2025.02.08-04.52.29:090][  0]LogPakFile: PakFile PathHashIndexSize=101
[2025.02.08-04.52.29:090][  0]LogPakFile: PakFile FullDirectoryIndexSize=144
[2025.02.08-04.52.29:090][  0]LogShaderLibrary: Display: ShaderCodeLibraryPakFileMountedCallback: PakFile 'C:/Program Files/Epic Games/UE_4.27/FeaturePacks/TP_RollingBP.upack' (chunk index -1, root 'root:/') mounted
[2025.02.08-04.52.29:090][  0]LogShaderLibrary: Display: ShaderCodeLibraryPakFileMountedCallback: pending pak file info (ChunkID:-1 Root:root:/ File:C:/Program Files/Epic Games/UE_4.27/FeaturePacks/TP_RollingBP.upack)
[2025.02.08-04.52.29:090][  0]LogPakFile: OnPakFileMounted2Time == 0.000053
[2025.02.08-04.52.29:093][  0]LogPakFile: PakFile PrimaryIndexSize=188
[2025.02.08-04.52.29:093][  0]LogPakFile: PakFile PathHashIndexSize=101
[2025.02.08-04.52.29:093][  0]LogPakFile: PakFile FullDirectoryIndexSize=150
[2025.02.08-04.52.29:093][  0]LogShaderLibrary: Display: ShaderCodeLibraryPakFileMountedCallback: PakFile 'C:/Program Files/Epic Games/UE_4.27/FeaturePacks/TP_SideScroller.upack' (chunk index -1, root 'root:/') mounted
[2025.02.08-04.52.29:093][  0]LogShaderLibrary: Display: ShaderCodeLibraryPakFileMountedCallback: pending pak file info (ChunkID:-1 Root:root:/ File:C:/Program Files/Epic Games/UE_4.27/FeaturePacks/TP_SideScroller.upack)
[2025.02.08-04.52.29:093][  0]LogPakFile: OnPakFileMounted2Time == 0.000065
[2025.02.08-04.52.29:096][  0]LogPakFile: PakFile PrimaryIndexSize=190
[2025.02.08-04.52.29:096][  0]LogPakFile: PakFile PathHashIndexSize=101
[2025.02.08-04.52.29:096][  0]LogPakFile: PakFile FullDirectoryIndexSize=154
[2025.02.08-04.52.29:096][  0]LogShaderLibrary: Display: ShaderCodeLibraryPakFileMountedCallback: PakFile 'C:/Program Files/Epic Games/UE_4.27/FeaturePacks/TP_SideScrollerBP.upack' (chunk index -1, root 'root:/') mounted
[2025.02.08-04.52.29:096][  0]LogShaderLibrary: Display: ShaderCodeLibraryPakFileMountedCallback: pending pak file info (ChunkID:-1 Root:root:/ File:C:/Program Files/Epic Games/UE_4.27/FeaturePacks/TP_SideScrollerBP.upack)
[2025.02.08-04.52.29:097][  0]LogPakFile: OnPakFileMounted2Time == 0.000075
[2025.02.08-04.52.29:099][  0]LogPakFile: PakFile PrimaryIndexSize=187
[2025.02.08-04.52.29:099][  0]LogPakFile: PakFile PathHashIndexSize=101
[2025.02.08-04.52.29:099][  0]LogPakFile: PakFile FullDirectoryIndexSize=148
[2025.02.08-04.52.29:099][  0]LogShaderLibrary: Display: ShaderCodeLibraryPakFileMountedCallback: PakFile 'C:/Program Files/Epic Games/UE_4.27/FeaturePacks/TP_ThirdPerson.upack' (chunk index -1, root 'root:/') mounted
[2025.02.08-04.52.29:099][  0]LogShaderLibrary: Display: ShaderCodeLibraryPakFileMountedCallback: pending pak file info (ChunkID:-1 Root:root:/ File:C:/Program Files/Epic Games/UE_4.27/FeaturePacks/TP_ThirdPerson.upack)
[2025.02.08-04.52.29:099][  0]LogPakFile: OnPakFileMounted2Time == 0.000056
[2025.02.08-04.52.29:101][  0]LogPakFile: PakFile PrimaryIndexSize=189
[2025.02.08-04.52.29:101][  0]LogPakFile: PakFile PathHashIndexSize=101
[2025.02.08-04.52.29:101][  0]LogPakFile: PakFile FullDirectoryIndexSize=152
[2025.02.08-04.52.29:101][  0]LogShaderLibrary: Display: ShaderCodeLibraryPakFileMountedCallback: PakFile 'C:/Program Files/Epic Games/UE_4.27/FeaturePacks/TP_ThirdPersonBP.upack' (chunk index -1, root 'root:/') mounted
[2025.02.08-04.52.29:101][  0]LogShaderLibrary: Display: ShaderCodeLibraryPakFileMountedCallback: pending pak file info (ChunkID:-1 Root:root:/ File:C:/Program Files/Epic Games/UE_4.27/FeaturePacks/TP_ThirdPersonBP.upack)
[2025.02.08-04.52.29:101][  0]LogPakFile: OnPakFileMounted2Time == 0.000041
[2025.02.08-04.52.29:104][  0]LogPakFile: PakFile PrimaryIndexSize=183
[2025.02.08-04.52.29:104][  0]LogPakFile: PakFile PathHashIndexSize=101
[2025.02.08-04.52.29:104][  0]LogPakFile: PakFile FullDirectoryIndexSize=140
[2025.02.08-04.52.29:104][  0]LogShaderLibrary: Display: ShaderCodeLibraryPakFileMountedCallback: PakFile 'C:/Program Files/Epic Games/UE_4.27/FeaturePacks/TP_TopDown.upack' (chunk index -1, root 'root:/') mounted
[2025.02.08-04.52.29:104][  0]LogShaderLibrary: Display: ShaderCodeLibraryPakFileMountedCallback: pending pak file info (ChunkID:-1 Root:root:/ File:C:/Program Files/Epic Games/UE_4.27/FeaturePacks/TP_TopDown.upack)
[2025.02.08-04.52.29:104][  0]LogPakFile: OnPakFileMounted2Time == 0.000048
[2025.02.08-04.52.29:106][  0]LogPakFile: PakFile PrimaryIndexSize=185
[2025.02.08-04.52.29:106][  0]LogPakFile: PakFile PathHashIndexSize=101
[2025.02.08-04.52.29:106][  0]LogPakFile: PakFile FullDirectoryIndexSize=144
[2025.02.08-04.52.29:106][  0]LogShaderLibrary: Display: ShaderCodeLibraryPakFileMountedCallback: PakFile 'C:/Program Files/Epic Games/UE_4.27/FeaturePacks/TP_TopDownBP.upack' (chunk index -1, root 'root:/') mounted
[2025.02.08-04.52.29:106][  0]LogShaderLibrary: Display: ShaderCodeLibraryPakFileMountedCallback: pending pak file info (ChunkID:-1 Root:root:/ File:C:/Program Files/Epic Games/UE_4.27/FeaturePacks/TP_TopDownBP.upack)
[2025.02.08-04.52.29:106][  0]LogPakFile: OnPakFileMounted2Time == 0.000055
[2025.02.08-04.52.29:110][  0]LogPakFile: PakFile PrimaryIndexSize=185
[2025.02.08-04.52.29:110][  0]LogPakFile: PakFile PathHashIndexSize=101
[2025.02.08-04.52.29:110][  0]LogPakFile: PakFile FullDirectoryIndexSize=144
[2025.02.08-04.52.29:110][  0]LogShaderLibrary: Display: ShaderCodeLibraryPakFileMountedCallback: PakFile 'C:/Program Files/Epic Games/UE_4.27/FeaturePacks/TP_TwinStick.upack' (chunk index -1, root 'root:/') mounted
[2025.02.08-04.52.29:110][  0]LogShaderLibrary: Display: ShaderCodeLibraryPakFileMountedCallback: pending pak file info (ChunkID:-1 Root:root:/ File:C:/Program Files/Epic Games/UE_4.27/FeaturePacks/TP_TwinStick.upack)
[2025.02.08-04.52.29:110][  0]LogPakFile: OnPakFileMounted2Time == 0.000392
[2025.02.08-04.52.29:112][  0]LogPakFile: PakFile PrimaryIndexSize=187
[2025.02.08-04.52.29:112][  0]LogPakFile: PakFile PathHashIndexSize=101
[2025.02.08-04.52.29:112][  0]LogPakFile: PakFile FullDirectoryIndexSize=148
[2025.02.08-04.52.29:113][  0]LogShaderLibrary: Display: ShaderCodeLibraryPakFileMountedCallback: PakFile 'C:/Program Files/Epic Games/UE_4.27/FeaturePacks/TP_TwinStickBP.upack' (chunk index -1, root 'root:/') mounted
[2025.02.08-04.52.29:113][  0]LogShaderLibrary: Display: ShaderCodeLibraryPakFileMountedCallback: pending pak file info (ChunkID:-1 Root:root:/ File:C:/Program Files/Epic Games/UE_4.27/FeaturePacks/TP_TwinStickBP.upack)
[2025.02.08-04.52.29:113][  0]LogPakFile: OnPakFileMounted2Time == 0.000080
[2025.02.08-04.52.29:118][  0]LogPakFile: PakFile PrimaryIndexSize=183
[2025.02.08-04.52.29:118][  0]LogPakFile: PakFile PathHashIndexSize=101
[2025.02.08-04.52.29:118][  0]LogPakFile: PakFile FullDirectoryIndexSize=140
[2025.02.08-04.52.29:118][  0]LogShaderLibrary: Display: ShaderCodeLibraryPakFileMountedCallback: PakFile 'C:/Program Files/Epic Games/UE_4.27/FeaturePacks/TP_Vehicle.upack' (chunk index -1, root 'root:/') mounted
[2025.02.08-04.52.29:118][  0]LogShaderLibrary: Display: ShaderCodeLibraryPakFileMountedCallback: pending pak file info (ChunkID:-1 Root:root:/ File:C:/Program Files/Epic Games/UE_4.27/FeaturePacks/TP_Vehicle.upack)
[2025.02.08-04.52.29:118][  0]LogPakFile: OnPakFileMounted2Time == 0.000041
[2025.02.08-04.52.29:120][  0]LogPakFile: PakFile PrimaryIndexSize=186
[2025.02.08-04.52.29:120][  0]LogPakFile: PakFile PathHashIndexSize=101
[2025.02.08-04.52.29:120][  0]LogPakFile: PakFile FullDirectoryIndexSize=146
[2025.02.08-04.52.29:120][  0]LogShaderLibrary: Display: ShaderCodeLibraryPakFileMountedCallback: PakFile 'C:/Program Files/Epic Games/UE_4.27/FeaturePacks/TP_VehicleAdv.upack' (chunk index -1, root 'root:/') mounted
[2025.02.08-04.52.29:120][  0]LogShaderLibrary: Display: ShaderCodeLibraryPakFileMountedCallback: pending pak file info (ChunkID:-1 Root:root:/ File:C:/Program Files/Epic Games/UE_4.27/FeaturePacks/TP_VehicleAdv.upack)
[2025.02.08-04.52.29:120][  0]LogPakFile: OnPakFileMounted2Time == 0.000041
[2025.02.08-04.52.29:126][  0]LogPakFile: PakFile PrimaryIndexSize=188
[2025.02.08-04.52.29:126][  0]LogPakFile: PakFile PathHashIndexSize=101
[2025.02.08-04.52.29:126][  0]LogPakFile: PakFile FullDirectoryIndexSize=150
[2025.02.08-04.52.29:126][  0]LogShaderLibrary: Display: ShaderCodeLibraryPakFileMountedCallback: PakFile 'C:/Program Files/Epic Games/UE_4.27/FeaturePacks/TP_VehicleAdvBP.upack' (chunk index -1, root 'root:/') mounted
[2025.02.08-04.52.29:126][  0]LogShaderLibrary: Display: ShaderCodeLibraryPakFileMountedCallback: pending pak file info (ChunkID:-1 Root:root:/ File:C:/Program Files/Epic Games/UE_4.27/FeaturePacks/TP_VehicleAdvBP.upack)
[2025.02.08-04.52.29:126][  0]LogPakFile: OnPakFileMounted2Time == 0.000059
[2025.02.08-04.52.29:128][  0]LogPakFile: PakFile PrimaryIndexSize=185
[2025.02.08-04.52.29:128][  0]LogPakFile: PakFile PathHashIndexSize=101
[2025.02.08-04.52.29:128][  0]LogPakFile: PakFile FullDirectoryIndexSize=144
[2025.02.08-04.52.29:128][  0]LogShaderLibrary: Display: ShaderCodeLibraryPakFileMountedCallback: PakFile 'C:/Program Files/Epic Games/UE_4.27/FeaturePacks/TP_VehicleBP.upack' (chunk index -1, root 'root:/') mounted
[2025.02.08-04.52.29:128][  0]LogShaderLibrary: Display: ShaderCodeLibraryPakFileMountedCallback: pending pak file info (ChunkID:-1 Root:root:/ File:C:/Program Files/Epic Games/UE_4.27/FeaturePacks/TP_VehicleBP.upack)
[2025.02.08-04.52.29:128][  0]LogPakFile: OnPakFileMounted2Time == 0.000063
[2025.02.08-04.52.29:131][  0]LogPakFile: PakFile PrimaryIndexSize=192
[2025.02.08-04.52.29:131][  0]LogPakFile: PakFile PathHashIndexSize=101
[2025.02.08-04.52.29:131][  0]LogPakFile: PakFile FullDirectoryIndexSize=158
[2025.02.08-04.52.29:131][  0]LogShaderLibrary: Display: ShaderCodeLibraryPakFileMountedCallback: PakFile 'C:/Program Files/Epic Games/UE_4.27/FeaturePacks/TP_VirtualRealityBP.upack' (chunk index -1, root 'root:/') mounted
[2025.02.08-04.52.29:131][  0]LogShaderLibrary: Display: ShaderCodeLibraryPakFileMountedCallback: pending pak file info (ChunkID:-1 Root:root:/ File:C:/Program Files/Epic Games/UE_4.27/FeaturePacks/TP_VirtualRealityBP.upack)
[2025.02.08-04.52.29:131][  0]LogPakFile: OnPakFileMounted2Time == 0.000042
[2025.02.08-04.52.29:330][  0]LogNativeClassHierarchy: Verbose: Native class hierarchy updated for 'AddContentDialog' in 0.0004 seconds. Added 0 classes and 0 folders.
[2025.02.08-04.52.29:362][  0]LogNativeClassHierarchy: Verbose: Native class hierarchy updated for 'SceneOutliner' in 0.0004 seconds. Added 2 classes and 0 folders.
[2025.02.08-04.52.29:514][  0]LogSlate: Took 0.000931 seconds to synchronously load lazily loaded font '../../../Engine/Content/Slate/Fonts/Roboto-Regular.ttf' (155K)
[2025.02.08-04.52.29:519][  0]LogSlate: Took 0.001796 seconds to synchronously load lazily loaded font '../../../Engine/Content/Editor/Slate/Fonts/FontAwesome.ttf' (139K)
[2025.02.08-04.52.29:524][  0]LogSlate: Took 0.002461 seconds to synchronously load lazily loaded font '../../../Engine/Content/Slate/Fonts/Roboto-Bold.ttf' (160K)
[2025.02.08-04.52.29:673][  0]LogRenderer: Reallocating scene render targets to support 724x340 Format 10 NumSamples 1 (Frame:1).
[2025.02.08-04.52.30:083][  0]LogNativeClassHierarchy: Verbose: Native class hierarchy updated for 'HierarchicalLODOutliner' in 0.0003 seconds. Added 0 classes and 0 folders.
[2025.02.08-04.52.30:083][  0]LogInput: Warning: Action SetDestination uses invalid key OculusGo_Left_Trigger_Click.
[2025.02.08-04.52.30:083][  0]LogInput: Warning: Action ResetVR uses invalid key OculusGo_Left_Back_Click.
[2025.02.08-04.52.30:083][  0]LogInput: Warning: Use -RemoveInvalidKeys to remove instances of these keys from the action mapping.
[2025.02.08-04.52.30:083][  0]LogLoad: (Engine Initialization) Total time: 19.57 seconds
[2025.02.08-04.52.30:083][  0]LogLoad: (Engine Initialization) Total Blueprint compile time: 0.00 seconds
[2025.02.08-04.52.30:185][  0]LogAssetRegistry: Asset discovery search completed in 10.7188 seconds
[2025.02.08-04.52.30:209][  0]LogCollectionManager: Fixed up redirectors for 0 collections in 0.000534 seconds (updated 0 objects)
[2025.02.08-04.52.30:213][  0]LogContentStreaming: Texture pool size now 1000 MB
[2025.02.08-04.52.30:408][  2]LogSlate: Took 0.003339 seconds to synchronously load lazily loaded font '../../../Engine/Content/Slate/Fonts/Roboto-Light.ttf' (167K)
[2025.02.08-04.53.00:705][389]LogEditorViewport: Clicking on Actor (LMB): TopDownCharacter_C (TopDownCharacter)
[2025.02.08-04.53.00:912][389]LogEditorViewport: Clicking on Component (LMB): SkeletalMeshComponent (CharacterMesh0)
[2025.02.08-04.53.03:899][500]LogSlate: Took 0.002262 seconds to synchronously load lazily loaded font '../../../Engine/Content/Slate/Fonts/Roboto-Light.ttf' (167K)
[2025.02.08-04.53.03:912][500]LogAssetEditorSubsystem: Opening Asset editor for Blueprint /Game/TopDownBP/Blueprints/TopDownCharacter.TopDownCharacter
[2025.02.08-04.53.04:307][500]LogNativeClassHierarchy: Verbose: Native class hierarchy updated for 'BlueprintGraph' in 0.0009 seconds. Added 126 classes and 0 folders.
[2025.02.08-04.53.05:582][500]LogSlate: Took 0.000860 seconds to synchronously load lazily loaded font '../../../Engine/Content/Slate/Fonts/Roboto-BoldCondensed.ttf' (158K)
[2025.02.08-04.53.07:790][588]LogSlate: Took 0.002907 seconds to synchronously load lazily loaded font '../../../Engine/Content/Slate/Fonts/Roboto-Italic.ttf' (157K)
[2025.02.08-04.56.37:283][689]BlueprintLog: New page: Compile TopDownCharacter
[2025.02.08-04.56.37:297][689]LogBlueprint: Error: [AssetLog] C:\Users\Griff\OneDrive\Documents\GitHub\hellsrc\ProjectHellInsurance\Content\TopDownBP\Blueprints\TopDownCharacter.uasset: [Compiler] This blueprint (self) is not a Controller, therefore ' Target ' must have a connection.
[2025.02.08-04.56.37:421][689]LogUObjectHash: Compacting FUObjectHashTables data took   6.23ms
[2025.02.08-04.56.37:534][689]LogSlate: Took 0.000586 seconds to synchronously load lazily loaded font '../../../Engine/Content/Slate/Fonts/DroidSansMono.ttf' (77K)
[2025.02.08-04.56.40:786][861]LogSavePackage: Moving '../../../../../../Users/Griff/OneDrive/Documents/GitHub/hellsrc/ProjectHellInsurance/Saved/TopDownCharacter2119DA124229E389A2366782ADAFA8B9.tmp' to '../../../../../../Users/Griff/OneDrive/Documents/GitHub/hellsrc/ProjectHellInsurance/Content/TopDownBP/Blueprints/TopDownCharacter.uasset'
[2025.02.08-04.56.40:813][861]AssetCheck: New page: Asset Save: TopDownCharacter
[2025.02.08-04.56.40:815][861]LogContentValidation: Display: Validating Blueprint /Game/TopDownBP/Blueprints/TopDownCharacter.TopDownCharacter
[2025.02.08-04.56.50:241][362]LogTemp: Repeating last play command: Selected Viewport
[2025.02.08-04.56.50:264][362]LogPlayLevel: PlayLevel: No blueprints needed recompiling
[2025.02.08-04.56.50:265][362]BlueprintLog: Warning: Blueprint failed to compile:  TopDownCharacter
[2025.02.08-04.56.50:267][362]LogCustomDialog: Dialog displayed:
[2025.02.08-04.56.55:308][362]LogSlate: Window 'Blueprint Compilation Errors' being destroyed
[2025.02.08-04.57.16:132][377]BlueprintLog: New page: Compile TopDownCharacter
[2025.02.08-04.57.16:140][377]LogBlueprint: Error: [AssetLog] C:\Users\Griff\OneDrive\Documents\GitHub\hellsrc\ProjectHellInsurance\Content\TopDownBP\Blueprints\TopDownCharacter.uasset: [Compiler] This blueprint (self) is not a Controller, therefore ' Target ' must have a connection.
[2025.02.08-04.57.16:215][377]LogUObjectHash: Compacting FUObjectHashTables data took   2.80ms
[2025.02.08-04.57.24:172][820]LogSavePackage: Moving '../../../../../../Users/Griff/OneDrive/Documents/GitHub/hellsrc/ProjectHellInsurance/Saved/TopDownCharacter1E06D0E448C3AAF66889D79BF8AC1F3E.tmp' to '../../../../../../Users/Griff/OneDrive/Documents/GitHub/hellsrc/ProjectHellInsurance/Content/TopDownBP/Blueprints/TopDownCharacter.uasset'
[2025.02.08-04.57.24:188][820]AssetCheck: New page: Asset Save: TopDownCharacter
[2025.02.08-04.57.24:188][820]LogContentValidation: Display: Validating Blueprint /Game/TopDownBP/Blueprints/TopDownCharacter.TopDownCharacter
[2025.02.08-04.57.24:990][867]BlueprintLog: New page: Compile TopDownCharacter
[2025.02.08-04.57.25:000][867]LogBlueprint: Error: [AssetLog] C:\Users\Griff\OneDrive\Documents\GitHub\hellsrc\ProjectHellInsurance\Content\TopDownBP\Blueprints\TopDownCharacter.uasset: [Compiler] This blueprint (self) is not a Controller, therefore ' Target ' must have a connection.
[2025.02.08-04.57.25:069][867]LogUObjectHash: Compacting FUObjectHashTables data took   2.43ms
[2025.02.08-04.57.55:345][205]LogSlate: Window 'Message Log' being destroyed
[2025.02.08-04.57.55:355][205]LogSlate: Window 'Message Log' being destroyed
[2025.02.08-04.58.03:735][631]LogAssetEditorSubsystem: Opening Asset editor for Blueprint /Game/TopDownBP/Blueprints/TopDownController.TopDownController
[2025.02.08-04.58.15:261][254]LogEditorTransaction: Undo Delete current selection
[2025.02.08-05.02.20:750][588]BlueprintLog: New page: Compile TopDownController
[2025.02.08-05.02.21:098][588]LogUObjectHash: Compacting FUObjectHashTables data took  13.28ms
[2025.02.08-05.02.22:397][646]LogSavePackage: Moving '../../../../../../Users/Griff/OneDrive/Documents/GitHub/hellsrc/ProjectHellInsurance/Saved/TopDownController3915CB7243FAEDED8F2692988D613186.tmp' to '../../../../../../Users/Griff/OneDrive/Documents/GitHub/hellsrc/ProjectHellInsurance/Content/TopDownBP/Blueprints/TopDownController.uasset'
[2025.02.08-05.02.22:666][646]AssetCheck: New page: Asset Save: TopDownController
[2025.02.08-05.02.22:666][646]LogContentValidation: Display: Validating Blueprint /Game/TopDownBP/Blueprints/TopDownController.TopDownController
[2025.02.08-05.02.26:226][831]LogSavePackage: Moving '../../../../../../Users/Griff/OneDrive/Documents/GitHub/hellsrc/ProjectHellInsurance/Saved/TopDownCharacterB880BA4C40878B0E9FBA0194544B892D.tmp' to '../../../../../../Users/Griff/OneDrive/Documents/GitHub/hellsrc/ProjectHellInsurance/Content/TopDownBP/Blueprints/TopDownCharacter.uasset'
[2025.02.08-05.02.26:245][831]AssetCheck: New page: Asset Save: TopDownCharacter
[2025.02.08-05.02.26:245][831]LogContentValidation: Display: Validating Blueprint /Game/TopDownBP/Blueprints/TopDownCharacter.TopDownCharacter
[2025.02.08-05.02.26:927][868]BlueprintLog: New page: Compile TopDownCharacter
[2025.02.08-05.02.27:208][868]LogUObjectHash: Compacting FUObjectHashTables data took   3.61ms
[2025.02.08-05.02.28:758][941]LogWorld: UWorld::CleanupWorld for World_1, bSessionEnded=true, bCleanupResources=true
[2025.02.08-05.02.28:762][941]LogSlate: InvalidateAllWidgets triggered.  All widgets were invalidated
[2025.02.08-05.02.35:025][258]LogTemp: Repeating last play command: Selected Viewport
[2025.02.08-05.02.35:045][258]LogPlayLevel: PlayLevel: No blueprints needed recompiling
[2025.02.08-05.02.35:078][258]PIE: New page: PIE session: TopDownExampleMap (Feb 7, 2025, 7:02:35 PM)
[2025.02.08-05.02.35:098][258]LogOnline: OSS: Creating online subsystem instance for: NULL
[2025.02.08-05.02.35:110][258]LogOnline: OSS: TryLoadSubsystemAndSetDefault: Loaded subsystem for module [NULL]
[2025.02.08-05.02.35:111][258]LogPlayLevel: Creating play world package: /Game/TopDownBP/Maps/UEDPIE_0_TopDownExampleMap
[2025.02.08-05.02.35:178][258]LogPlayLevel: PIE: StaticDuplicateObject took: (0.064000s)
[2025.02.08-05.02.35:215][258]LogAIModule: Creating AISystem for world TopDownExampleMap
[2025.02.08-05.02.35:227][258]LogPlayLevel: PIE: World Init took: (0.049743s)
[2025.02.08-05.02.35:228][258]LogPlayLevel: PIE: Created PIE world by copying editor world from /Game/TopDownBP/Maps/TopDownExampleMap.TopDownExampleMap to /Game/TopDownBP/Maps/UEDPIE_0_TopDownExampleMap.TopDownExampleMap (0.116181s)
[2025.02.08-05.02.35:258][258]LogUObjectHash: Compacting FUObjectHashTables data took   2.29ms
[2025.02.08-05.02.35:264][258]LogAudio: Display: Creating Audio Device:                 Id: 2, Scope: Unique, Realtime: True
[2025.02.08-05.02.35:268][258]LogAudioMixer: Display: Audio Mixer Platform Settings:
[2025.02.08-05.02.35:268][258]LogAudioMixer: Display: 	Sample Rate:						  48000
[2025.02.08-05.02.35:268][258]LogAudioMixer: Display: 	Callback Buffer Frame Size Requested: 1024
[2025.02.08-05.02.35:268][258]LogAudioMixer: Display: 	Callback Buffer Frame Size To Use:	  1024
[2025.02.08-05.02.35:268][258]LogAudioMixer: Display: 	Number of buffers to queue:			  2
[2025.02.08-05.02.35:268][258]LogAudioMixer: Display: 	Max Channels (voices):				  32
[2025.02.08-05.02.35:268][258]LogAudioMixer: Display: 	Number of Async Source Workers:		  0
[2025.02.08-05.02.35:268][258]LogAudio: Display: AudioDevice MaxSources: 32
[2025.02.08-05.02.35:273][258]LogAudio: Display: Audio Spatialization Plugin: None (built-in).
[2025.02.08-05.02.35:273][258]LogAudio: Display: Audio Reverb Plugin: None (built-in).
[2025.02.08-05.02.35:273][258]LogAudio: Display: Audio Occlusion Plugin: None (built-in).
[2025.02.08-05.02.35:273][258]LogAudioMixer: Display: Initializing audio mixer.
[2025.02.08-05.02.35:285][258]LogAudioMixer: Display: 0: FrontLeft
[2025.02.08-05.02.35:285][258]LogAudioMixer: Display: 1: FrontRight
[2025.02.08-05.02.35:335][258]LogAudioMixer: Display: Using Audio Device Speakers (Realtek(R) Audio)
[2025.02.08-05.02.35:338][258]LogAudioMixer: Display: Initializing Sound Submixes...
[2025.02.08-05.02.35:338][258]LogAudioMixer: Display: Creating Master Submix 'MasterSubmixDefault'
[2025.02.08-05.02.35:339][258]LogAudioMixer: Display: Creating Master Submix 'MasterReverbSubmixDefault'
[2025.02.08-05.02.35:341][258]LogAudioMixer: Display: Creating Master Submix 'MasterEQSubmixDefault'
[2025.02.08-05.02.35:341][258]LogAudioMixer: FMixerPlatformXAudio2::StartAudioStream() called
[2025.02.08-05.02.35:342][258]LogAudioMixer: Display: Output buffers initialized: Frames=1024, Channels=2, Samples=2048
[2025.02.08-05.02.35:344][258]LogAudioMixer: Display: Starting AudioMixerPlatformInterface::RunInternal()
[2025.02.08-05.02.35:344][258]LogAudioMixer: Display: FMixerPlatformXAudio2::SubmitBuffer() called for the first time
[2025.02.08-05.02.35:344][258]LogInit: FAudioDevice initialized.
[2025.02.08-05.02.35:345][258]LogAudio: Display: Audio Device (ID: 2) registered with world 'TopDownExampleMap'.
[2025.02.08-05.02.35:398][258]LogLoad: Game class is 'TopDownGameMode_C'
[2025.02.08-05.02.35:418][258]LogWorld: Bringing World /Game/TopDownBP/Maps/UEDPIE_0_TopDownExampleMap.TopDownExampleMap up for play (max tick rate 60) at 2025.02.08-00.02.35
[2025.02.08-05.02.35:421][258]LogWorld: Bringing up level for play took: 0.013547
[2025.02.08-05.02.35:430][258]LogOnline: OSS: Creating online subsystem instance for: :Context_6
[2025.02.08-05.02.35:501][258]LogNativeClassHierarchy: Verbose: Native class hierarchy updated for 'MovieSceneCapture' in 0.0077 seconds. Added 20 classes and 0 folders.
[2025.02.08-05.02.35:515][258]PIE: Server logged in
[2025.02.08-05.02.35:516][258]PIE: Play in editor total start time 0.481 seconds.
[2025.02.08-05.03.04:717][920]LogSlate: Updating window title bar state: overlay mode, drag disabled, window buttons hidden, title bar hidden
[2025.02.08-05.03.04:717][920]LogWorld: BeginTearingDown for /Game/TopDownBP/Maps/UEDPIE_0_TopDownExampleMap
[2025.02.08-05.03.04:723][920]LogWorld: UWorld::CleanupWorld for TopDownExampleMap, bSessionEnded=true, bCleanupResources=true
[2025.02.08-05.03.04:727][920]LogSlate: InvalidateAllWidgets triggered.  All widgets were invalidated
[2025.02.08-05.03.04:754][920]LogPlayLevel: Display: Shutting down PIE online subsystems
[2025.02.08-05.03.04:842][920]LogSlate: InvalidateAllWidgets triggered.  All widgets were invalidated
[2025.02.08-05.03.04:888][920]LogSlate: Updating window title bar state: overlay mode, drag disabled, window buttons hidden, title bar hidden
[2025.02.08-05.03.04:896][920]LogAudioMixer: FMixerPlatformXAudio2::StopAudioStream() called
[2025.02.08-05.03.04:898][920]LogAudioMixer: FMixerPlatformXAudio2::StopAudioStream() called
[2025.02.08-05.03.05:081][920]LogUObjectHash: Compacting FUObjectHashTables data took   5.00ms
[2025.02.08-05.03.05:133][921]LogPlayLevel: Display: Destroying online subsystem :Context_6
[2025.02.08-05.03.07:348][ 40]LogUObjectHash: Compacting FUObjectHashTables data took   2.55ms
[2025.02.08-05.03.07:393][ 40]LogSavePackage: Moving '../../../../../../Users/Griff/OneDrive/Documents/GitHub/hellsrc/ProjectHellInsurance/Saved/TopDownExampleMap535C02DF453A727C7E74BF9CDCA78D2D.tmp' to '../../../../../../Users/Griff/OneDrive/Documents/GitHub/hellsrc/ProjectHellInsurance/Content/TopDownBP/Maps/TopDownExampleMap.umap'
[2025.02.08-05.03.07:704][ 40]LogSavePackage: Moving '../../../../../../Users/Griff/OneDrive/Documents/GitHub/hellsrc/ProjectHellInsurance/Saved/TopDownExampleMap_BuiltData14A5C61F49C2086D8184D2A6EEF3F056.tmp' to '../../../../../../Users/Griff/OneDrive/Documents/GitHub/hellsrc/ProjectHellInsurance/Content/TopDownBP/Maps/TopDownExampleMap_BuiltData.uasset'
[2025.02.08-05.03.07:721][ 40]AssetCheck: New page: Asset Save: multiple assets
[2025.02.08-05.03.07:721][ 40]LogContentValidation: Display: Validating MapBuildDataRegistry /Game/TopDownBP/Maps/TopDownExampleMap_BuiltData.TopDownExampleMap_BuiltData
[2025.02.08-05.03.07:721][ 40]LogContentValidation: Display: Validating World /Game/TopDownBP/Maps/TopDownExampleMap.TopDownExampleMap
