Log file open, 02/03/25 22:26:58
LogWindows: Failed to load 'aqProf.dll' (GetLastError=126)
LogWindows: File 'aqProf.dll' does not exist
LogWindows: Failed to load 'VtuneApi.dll' (GetLastError=126)
LogWindows: File 'VtuneApi.dll' does not exist
LogWindows: Failed to load 'VtuneApi32e.dll' (GetLastError=126)
LogWindows: File 'VtuneApi32e.dll' does not exist
LogConsoleResponse: Display: Failed to find resolution value strings in scalability ini. Falling back to default.
LogConsoleResponse: Display: Failed to find resolution value strings in scalability ini. Falling back to default.
LogInit: Display: Running engine for game: ProjectHellInsurance
LogPlatformFile: Not using cached read wrapper
LogTaskGraph: Started task graph with 5 named threads and 11 total threads with 3 sets of task threads.
LogStats: Stats thread started at 1.286647
LogICUInternationalization: ICU TimeZone Detection - Raw Offset: -5:00, Platform Override: ''
LogInit: Display: Loading text-based GConfig....
LogPluginManager: Mounting plugin MeshPainting
LogPluginManager: Mounting plugin XGEController
LogPluginManager: Mounting plugin Paper2D
LogPluginManager: Mounting plugin AISupport
LogPluginManager: Mounting plugin EnvironmentQueryEditor
LogPluginManager: Mounting plugin LightPropagationVolume
LogPluginManager: Mounting plugin GameplayCameras
LogPluginManager: Mounting plugin CameraShakePreviewer
LogPluginManager: Mounting plugin LiveLink
LogPluginManager: Mounting plugin OodleData
LogPluginManager: Mounting plugin OodleNetwork
LogPluginManager: Mounting plugin AnimationSharing
LogPluginManager: Mounting plugin CLionSourceCodeAccess
LogPluginManager: Mounting plugin CodeLiteSourceCodeAccess
LogPluginManager: Mounting plugin GitSourceControl
LogPluginManager: Mounting plugin KDevelopSourceCodeAccess
LogPluginManager: Mounting plugin NullSourceCodeAccess
LogPluginManager: Mounting plugin PerforceSourceControl
LogPluginManager: Mounting plugin PixWinPlugin
LogPluginManager: Mounting plugin PlasticSourceControl
LogPluginManager: Mounting plugin PluginUtils
LogPluginManager: Mounting plugin PropertyAccessNode
LogPluginManager: Mounting plugin RiderSourceCodeAccess
LogPluginManager: Mounting plugin SubversionSourceControl
LogPluginManager: Mounting plugin TextureFormatOodle
LogPluginManager: Mounting plugin UObjectPlugin
LogPluginManager: Mounting plugin VisualStudioCodeSourceCodeAccess
LogPluginManager: Mounting plugin VisualStudioSourceCodeAccess
LogPluginManager: Mounting plugin XCodeSourceCodeAccess
LogPluginManager: Mounting plugin AssetManagerEditor
LogPluginManager: Mounting plugin CryptoKeys
LogPluginManager: Mounting plugin CurveEditorTools
LogPluginManager: Mounting plugin DataValidation
LogPluginManager: Mounting plugin FacialAnimation
LogPluginManager: Mounting plugin GameplayTagsEditor
LogPluginManager: Mounting plugin GeometryMode
LogPluginManager: Mounting plugin MacGraphicsSwitching
LogPluginManager: Mounting plugin MaterialAnalyzer
LogPluginManager: Mounting plugin MobileLauncherProfileWizard
LogPluginManager: Mounting plugin PluginBrowser
LogPluginManager: Mounting plugin SpeedTreeImporter
LogPluginManager: Mounting plugin DatasmithContent
LogPluginManager: Mounting plugin VariantManagerContent
LogPluginManager: Mounting plugin Niagara
LogPluginManager: Mounting plugin LuminPlatformFeatures
LogPluginManager: Mounting plugin MagicLeap
LogPluginManager: Mounting plugin MagicLeapLightEstimation
LogPluginManager: Mounting plugin MagicLeapMedia
LogPluginManager: Mounting plugin MagicLeapPassableWorld
LogPluginManager: Mounting plugin MLSDK
LogPluginManager: Mounting plugin AndroidMedia
LogPluginManager: Mounting plugin AvfMedia
LogPluginManager: Mounting plugin ImgMedia
LogPluginManager: Mounting plugin MediaCompositing
LogPluginManager: Mounting plugin MediaPlayerEditor
LogPluginManager: Mounting plugin WebMMedia
LogPluginManager: Mounting plugin WmfMedia
LogPluginManager: Mounting plugin TcpMessaging
LogPluginManager: Mounting plugin UdpMessaging
LogPluginManager: Mounting plugin ActorSequence
LogPluginManager: Mounting plugin MatineeToLevelSequence
LogPluginManager: Mounting plugin LevelSequenceEditor
LogPluginManager: Mounting plugin TemplateSequence
LogPluginManager: Mounting plugin OnlineSubsystem
LogPluginManager: Mounting plugin OnlineSubsystemNull
LogPluginManager: Mounting plugin OnlineSubsystemUtils
LogPluginManager: Mounting plugin LauncherChunkInstaller
LogPluginManager: Mounting plugin ActorLayerUtilities
LogPluginManager: Mounting plugin AndroidDeviceProfileSelector
LogPluginManager: Mounting plugin AndroidMoviePlayer
LogPluginManager: Mounting plugin AndroidPermission
LogPluginManager: Mounting plugin AppleImageUtils
LogPluginManager: Mounting plugin AppleMoviePlayer
LogPluginManager: Mounting plugin ArchVisCharacter
LogPluginManager: Mounting plugin AssetTags
LogPluginManager: Mounting plugin AudioCapture
LogPluginManager: Mounting plugin AudioSynesthesia
LogPluginManager: Mounting plugin CableComponent
LogPluginManager: Mounting plugin CustomMeshComponent
LogPluginManager: Mounting plugin ChunkDownloader
LogPluginManager: Mounting plugin EditableMesh
LogPluginManager: Mounting plugin ExampleDeviceProfileSelector
LogPluginManager: Mounting plugin GoogleCloudMessaging
LogPluginManager: Mounting plugin GooglePAD
LogPluginManager: Mounting plugin IOSDeviceProfileSelector
LogPluginManager: Mounting plugin LinuxDeviceProfileSelector
LogPluginManager: Mounting plugin LocationServicesBPLibrary
LogPluginManager: Mounting plugin MobilePatchingUtils
LogPluginManager: Mounting plugin OpenXR
LogPluginManager: Mounting plugin OpenXREyeTracker
LogPluginManager: Mounting plugin OpenXRHandTracking
LogPluginManager: Mounting plugin PhysXVehicles
LogPluginManager: Mounting plugin PostSplashScreen
LogPluginManager: Mounting plugin ProceduralMeshComponent
LogPluginManager: Mounting plugin PropertyAccessEditor
LogPluginManager: Mounting plugin RuntimePhysXCooking
LogPluginManager: Mounting plugin SignificanceManager
LogPluginManager: Mounting plugin SoundFields
LogPluginManager: Mounting plugin Synthesis
LogPluginManager: Mounting plugin WebMMoviePlayer
LogPluginManager: Mounting plugin WindowsMoviePlayer
LogPluginManager: Mounting plugin ScreenshotTools
LogPluginManager: Mounting plugin Takes
LogPluginManager: Mounting plugin AlembicImporter
LogPluginManager: Mounting plugin AutomationUtils
LogPluginManager: Mounting plugin BackChannel
LogPluginManager: Mounting plugin ChaosCloth
LogPluginManager: Mounting plugin ChaosClothEditor
LogPluginManager: Mounting plugin ChaosEditor
LogPluginManager: Mounting plugin ChaosNiagara
LogPluginManager: Mounting plugin ChaosSolverPlugin
LogPluginManager: Mounting plugin CharacterAI
LogPluginManager: Mounting plugin GeometryCache
LogPluginManager: Mounting plugin GeometryCollectionPlugin
LogPluginManager: Mounting plugin GeometryProcessing
LogPluginManager: Mounting plugin MotoSynth
LogPluginManager: Mounting plugin OpenImageDenoise
LogPluginManager: Mounting plugin PlanarCut
LogPluginManager: Mounting plugin PlatformCrypto
LogPluginManager: Mounting plugin ProxyLODPlugin
LogPluginManager: Mounting plugin PythonScriptPlugin
LogPluginManager: Mounting plugin SkeletalReduction
LogPluginManager: Mounting plugin ContentBrowserAssetDataSource
LogPluginManager: Mounting plugin ContentBrowserClassDataSource
LogPluginManager: Mounting plugin ContentBrowserFileDataSource
LogPluginManager: Mounting plugin OnlineSubsystemGooglePlay
LogPluginManager: Mounting plugin OnlineSubsystemIOS
LogPluginManager: Mounting plugin OculusVR
LogPluginManager: Mounting plugin SteamVR
PixWinPlugin: PIX capture plugin failed to initialize! Check that the process is launched from PIX.
LogLuminAPIImpl: Warning: MLSDK not found.  This likely means the MLSDK environment variable is not set.
LogInit: Using libcurl 7.55.1-DEV
LogInit:  - built for x86_64-pc-win32
LogInit:  - supports SSL with OpenSSL/1.1.1
LogInit:  - supports HTTP deflate (compression) using libz 1.2.8
LogInit:  - other features:
LogInit:      CURL_VERSION_SSL
LogInit:      CURL_VERSION_LIBZ
LogInit:      CURL_VERSION_IPV6
LogInit:      CURL_VERSION_ASYNCHDNS
LogInit:      CURL_VERSION_LARGEFILE
LogInit:      CURL_VERSION_IDN
LogInit:  CurlRequestOptions (configurable via config and command line):
LogInit:  - bVerifyPeer = true  - Libcurl will verify peer certificate
LogInit:  - bUseHttpProxy = false  - Libcurl will NOT use HTTP proxy
LogInit:  - bDontReuseConnections = false  - Libcurl will reuse connections
LogInit:  - MaxHostConnections = 16  - Libcurl will limit the number of connections to a host
LogInit:  - LocalHostAddr = Default
LogInit:  - BufferSize = 65536
LogOnline: OSS: Creating online subsystem instance for: NULL
LogInit: WinSock: version 1.1 (2.2), MaxSocks=32767, MaxUdp=65467
LogOnline: OSS: TryLoadSubsystemAndSetDefault: Loaded subsystem for module [NULL]
LogOculusPluginWrapper: OculusPlugin initialized successfully
LogHMD: Failed initializing OVRPlugin 1.59.0
LogInit: Build: ++UE4+Release-4.27-CL-18319896
LogInit: Engine Version: 4.27.2-18319896+++UE4+Release-4.27
LogInit: Compatible Engine Version: 4.27.0-17155196+++UE4+Release-4.27
LogInit: Net CL: 17155196
LogInit: OS: Windows 10 (Release 2009) (), CPU: 11th Gen Intel(R) Core(TM) i3-1115G4 @ 3.00GHz, GPU: Intel(R) UHD Graphics
LogInit: Compiled (64-bit): Nov 30 2021 07:12:08
LogInit: Compiled with Visual C++: 19.24.28315.00
LogInit: Build Configuration: Development
LogInit: Branch Name: ++UE4+Release-4.27
LogInit: Command Line:  -AUTH_LOGIN=unused -AUTH_PASSWORD=a792c8aaaaa4455b95ca046deaa40c46 -AUTH_TYPE=exchangecode -epicapp=UE_4.27 -epicenv=Prod -EpicPortal -epicusername=BloodyFlame4 -epicuserid=e4dfcb906612440983bd32d7a688e4b8 -epiclocale=en -epicsandboxid=ue
LogInit: Base Directory: C:/Program Files/Epic Games/UE_4.27/Engine/Binaries/Win64/
LogInit: Allocator: TBB
LogInit: Installed Engine Build: 1
LogDevObjectVersion: Number of dev versions registered: 29
LogDevObjectVersion:   Dev-Blueprints (B0D832E4-1F89-4F0D-ACCF-7EB736FD4AA2): 10
LogDevObjectVersion:   Dev-Build (E1C64328-A22C-4D53-A36C-8E866417BD8C): 0
LogDevObjectVersion:   Dev-Core (375EC13C-06E4-48FB-B500-84F0262A717E): 4
LogDevObjectVersion:   Dev-Editor (E4B068ED-F494-42E9-A231-DA0B2E46BB41): 40
LogDevObjectVersion:   Dev-Framework (CFFC743F-43B0-4480-9391-14DF171D2073): 37
LogDevObjectVersion:   Dev-Mobile (B02B49B5-BB20-44E9-A304-32B752E40360): 3
LogDevObjectVersion:   Dev-Networking (A4E4105C-59A1-49B5-A7C5-40C4547EDFEE): 0
LogDevObjectVersion:   Dev-Online (39C831C9-5AE6-47DC-9A44-9C173E1C8E7C): 0
LogDevObjectVersion:   Dev-Physics (78F01B33-EBEA-4F98-B9B4-84EACCB95AA2): 14
LogDevObjectVersion:   Dev-Platform (6631380F-2D4D-43E0-8009-CF276956A95A): 0
LogDevObjectVersion:   Dev-Rendering (12F88B9F-8875-4AFC-A67C-D90C383ABD29): 45
LogDevObjectVersion:   Dev-Sequencer (7B5AE74C-D270-4C10-A958-57980B212A5A): 13
LogDevObjectVersion:   Dev-VR (D7296918-1DD6-4BDD-9DE2-64A83CC13884): 3
LogDevObjectVersion:   Dev-LoadTimes (C2A15278-BFE7-4AFE-6C17-90FF531DF755): 1
LogDevObjectVersion:   Private-Geometry (6EACA3D4-40EC-4CC1-B786-8BED09428FC5): 3
LogDevObjectVersion:   Dev-AnimPhys (29E575DD-E0A3-4627-9D10-D276232CDCEA): 17
LogDevObjectVersion:   Dev-Anim (AF43A65D-7FD3-4947-9873-3E8ED9C1BB05): 15
LogDevObjectVersion:   Dev-ReflectionCapture (6B266CEC-1EC7-4B8F-A30B-E4D90942FC07): 1
LogDevObjectVersion:   Dev-Automation (0DF73D61-A23F-47EA-B727-89E90C41499A): 1
LogDevObjectVersion:   FortniteMain (601D1886-AC64-4F84-AA16-D3DE0DEAC7D6): 47
LogDevObjectVersion:   FortniteRelease (E7086368-6B23-4C58-8439-1B7016265E91): 1
LogDevObjectVersion:   Dev-Enterprise (9DFFBCD6-494F-0158-E221-12823C92A888): 10
LogDevObjectVersion:   Dev-Niagara (F2AED0AC-9AFE-416F-8664-AA7FFA26D6FC): 1
LogDevObjectVersion:   Dev-Destruction (174F1F0B-B4C6-45A5-B13F-2EE8D0FB917D): 10
LogDevObjectVersion:   Dev-Physics-Ext (35F94A83-E258-406C-A318-09F59610247C): 41
LogDevObjectVersion:   Dev-PhysicsMaterial-Chaos (B68FC16E-8B1B-42E2-B453-215C058844FE): 1
LogDevObjectVersion:   Dev-CineCamera (B2E18506-4273-CFC2-A54E-F4BB758BBA07): 1
LogDevObjectVersion:   Dev-VirtualProduction (64F58936-FD1B-42BA-BA96-7289D5D0FA4E): 1
LogDevObjectVersion:   Dev-MediaFramework (6F0ED827-A609-4895-9C91-998D90180EA4): 2
LogInit: Presizing for max 25165824 objects, including 0 objects not considered by GC, pre-allocating 0 bytes for permanent pool.
LogConfig: Applying CVar settings from Section [/Script/Engine.StreamingSettings] File [C:/Users/Griff/OneDrive/Documents/GitHub/hellsrc/ProjectHellInsurance/Saved/Config/Windows/Engine.ini]
LogConfig: Setting CVar [[s.MinBulkDataSizeForAsyncLoading:131072]]
LogConfig: Setting CVar [[s.AsyncLoadingThreadEnabled:0]]
LogConfig: Setting CVar [[s.EventDrivenLoaderEnabled:1]]
LogConfig: Setting CVar [[s.WarnIfTimeLimitExceeded:0]]
LogConfig: Setting CVar [[s.TimeLimitExceededMultiplier:1.5]]
LogConfig: Setting CVar [[s.TimeLimitExceededMinTime:0.005]]
LogConfig: Setting CVar [[s.UseBackgroundLevelStreaming:1]]
LogConfig: Setting CVar [[s.PriorityAsyncLoadingExtraTime:15.0]]
LogConfig: Setting CVar [[s.LevelStreamingActorsUpdateTimeLimit:5.0]]
LogConfig: Setting CVar [[s.PriorityLevelStreamingActorsUpdateExtraTime:5.0]]
LogConfig: Setting CVar [[s.LevelStreamingComponentsRegistrationGranularity:10]]
LogConfig: Setting CVar [[s.UnregisterComponentsTimeLimit:1.0]]
LogConfig: Setting CVar [[s.LevelStreamingComponentsUnregistrationGranularity:5]]
LogConfig: Setting CVar [[s.FlushStreamingOnExit:1]]
LogInit: Object subsystem initialized
LogConfig: Setting CVar [[con.DebugEarlyDefault:1]]
LogConfig: Setting CVar [[r.setres:1280x720]]
[2025.02.04-03.26.59:485][  0]LogConfig: Setting CVar [[r.VSync:0]]
[2025.02.04-03.26.59:485][  0]LogConfig: Setting CVar [[r.RHICmdBypass:0]]
[2025.02.04-03.26.59:485][  0]LogConfig: Applying CVar settings from Section [/Script/Engine.RendererSettings] File [C:/Users/Griff/OneDrive/Documents/GitHub/hellsrc/ProjectHellInsurance/Saved/Config/Windows/Engine.ini]
[2025.02.04-03.26.59:485][  0]LogConfig: Setting CVar [[r.GPUCrashDebugging:0]]
[2025.02.04-03.26.59:485][  0]LogConfig: Applying CVar settings from Section [/Script/Engine.RendererOverrideSettings] File [C:/Users/Griff/OneDrive/Documents/GitHub/hellsrc/ProjectHellInsurance/Saved/Config/Windows/Engine.ini]
[2025.02.04-03.26.59:485][  0]LogConfig: Applying CVar settings from Section [/Script/Engine.StreamingSettings] File [C:/Users/Griff/OneDrive/Documents/GitHub/hellsrc/ProjectHellInsurance/Saved/Config/Windows/Engine.ini]
[2025.02.04-03.26.59:485][  0]LogConfig: Setting CVar [[s.MinBulkDataSizeForAsyncLoading:131072]]
[2025.02.04-03.26.59:485][  0]LogConfig: Setting CVar [[s.AsyncLoadingThreadEnabled:0]]
[2025.02.04-03.26.59:485][  0]LogConfig: Setting CVar [[s.EventDrivenLoaderEnabled:1]]
[2025.02.04-03.26.59:485][  0]LogConfig: Setting CVar [[s.WarnIfTimeLimitExceeded:0]]
[2025.02.04-03.26.59:485][  0]LogConfig: Setting CVar [[s.TimeLimitExceededMultiplier:1.5]]
[2025.02.04-03.26.59:485][  0]LogConfig: Setting CVar [[s.TimeLimitExceededMinTime:0.005]]
[2025.02.04-03.26.59:485][  0]LogConfig: Setting CVar [[s.UseBackgroundLevelStreaming:1]]
[2025.02.04-03.26.59:485][  0]LogConfig: Setting CVar [[s.PriorityAsyncLoadingExtraTime:15.0]]
[2025.02.04-03.26.59:485][  0]LogConfig: Setting CVar [[s.LevelStreamingActorsUpdateTimeLimit:5.0]]
[2025.02.04-03.26.59:485][  0]LogConfig: Setting CVar [[s.PriorityLevelStreamingActorsUpdateExtraTime:5.0]]
[2025.02.04-03.26.59:485][  0]LogConfig: Setting CVar [[s.LevelStreamingComponentsRegistrationGranularity:10]]
[2025.02.04-03.26.59:485][  0]LogConfig: Setting CVar [[s.UnregisterComponentsTimeLimit:1.0]]
[2025.02.04-03.26.59:485][  0]LogConfig: Setting CVar [[s.LevelStreamingComponentsUnregistrationGranularity:5]]
[2025.02.04-03.26.59:485][  0]LogConfig: Setting CVar [[s.FlushStreamingOnExit:1]]
[2025.02.04-03.26.59:485][  0]LogConfig: Applying CVar settings from Section [/Script/Engine.GarbageCollectionSettings] File [C:/Users/Griff/OneDrive/Documents/GitHub/hellsrc/ProjectHellInsurance/Saved/Config/Windows/Engine.ini]
[2025.02.04-03.26.59:485][  0]LogConfig: Setting CVar [[gc.MaxObjectsNotConsideredByGC:1]]
[2025.02.04-03.26.59:485][  0]LogConfig: Setting CVar [[gc.SizeOfPermanentObjectPool:0]]
[2025.02.04-03.26.59:485][  0]LogConfig: Setting CVar [[gc.FlushStreamingOnGC:0]]
[2025.02.04-03.26.59:485][  0]LogConfig: Setting CVar [[gc.NumRetriesBeforeForcingGC:10]]
[2025.02.04-03.26.59:485][  0]LogConfig: Setting CVar [[gc.AllowParallelGC:1]]
[2025.02.04-03.26.59:486][  0]LogConfig: Setting CVar [[gc.TimeBetweenPurgingPendingKillObjects:61.1]]
[2025.02.04-03.26.59:486][  0]LogConfig: Setting CVar [[gc.MaxObjectsInEditor:25165824]]
[2025.02.04-03.26.59:486][  0]LogConfig: Setting CVar [[gc.IncrementalBeginDestroyEnabled:1]]
[2025.02.04-03.26.59:486][  0]LogConfig: Setting CVar [[gc.CreateGCClusters:1]]
[2025.02.04-03.26.59:486][  0]LogConfig: Setting CVar [[gc.MinGCClusterSize:5]]
[2025.02.04-03.26.59:486][  0]LogConfig: Setting CVar [[gc.ActorClusteringEnabled:0]]
[2025.02.04-03.26.59:486][  0]LogConfig: Setting CVar [[gc.BlueprintClusteringEnabled:0]]
[2025.02.04-03.26.59:486][  0]LogConfig: Setting CVar [[gc.UseDisregardForGCOnDedicatedServers:0]]
[2025.02.04-03.26.59:486][  0]LogConfig: Setting CVar [[gc.MultithreadedDestructionEnabled:1]]
[2025.02.04-03.26.59:486][  0]LogConfig: Applying CVar settings from Section [/Script/Engine.NetworkSettings] File [C:/Users/Griff/OneDrive/Documents/GitHub/hellsrc/ProjectHellInsurance/Saved/Config/Windows/Engine.ini]
[2025.02.04-03.26.59:486][  0]LogConfig: Applying CVar settings from Section [/Script/UnrealEd.CookerSettings] File [C:/Users/Griff/OneDrive/Documents/GitHub/hellsrc/ProjectHellInsurance/Saved/Config/Windows/Engine.ini]
[2025.02.04-03.26.59:492][  0]LogConfig: Applying CVar settings from Section [ViewDistanceQuality@3] File [C:/Users/Griff/OneDrive/Documents/GitHub/hellsrc/ProjectHellInsurance/Saved/Config/Windows/Scalability.ini]
[2025.02.04-03.26.59:492][  0]LogConfig: Setting CVar [[r.SkeletalMeshLODBias:0]]
[2025.02.04-03.26.59:492][  0]LogConfig: Setting CVar [[r.ViewDistanceScale:1.0]]
[2025.02.04-03.26.59:492][  0]LogConfig: Applying CVar settings from Section [AntiAliasingQuality@3] File [C:/Users/Griff/OneDrive/Documents/GitHub/hellsrc/ProjectHellInsurance/Saved/Config/Windows/Scalability.ini]
[2025.02.04-03.26.59:492][  0]LogConfig: Setting CVar [[r.PostProcessAAQuality:4]]
[2025.02.04-03.26.59:492][  0]LogConfig: Applying CVar settings from Section [ShadowQuality@3] File [C:/Users/Griff/OneDrive/Documents/GitHub/hellsrc/ProjectHellInsurance/Saved/Config/Windows/Scalability.ini]
[2025.02.04-03.26.59:492][  0]LogConfig: Setting CVar [[r.LightFunctionQuality:1]]
[2025.02.04-03.26.59:492][  0]LogConfig: Setting CVar [[r.ShadowQuality:5]]
[2025.02.04-03.26.59:492][  0]LogConfig: Setting CVar [[r.Shadow.CSM.MaxCascades:10]]
[2025.02.04-03.26.59:492][  0]LogConfig: Setting CVar [[r.Shadow.MaxResolution:2048]]
[2025.02.04-03.26.59:492][  0]LogConfig: Setting CVar [[r.Shadow.MaxCSMResolution:2048]]
[2025.02.04-03.26.59:492][  0]LogConfig: Setting CVar [[r.Shadow.RadiusThreshold:0.01]]
[2025.02.04-03.26.59:492][  0]LogConfig: Setting CVar [[r.Shadow.DistanceScale:1.0]]
[2025.02.04-03.26.59:492][  0]LogConfig: Setting CVar [[r.Shadow.CSM.TransitionScale:1.0]]
[2025.02.04-03.26.59:492][  0]LogConfig: Setting CVar [[r.Shadow.PreShadowResolutionFactor:1.0]]
[2025.02.04-03.26.59:492][  0]LogConfig: Setting CVar [[r.DistanceFieldShadowing:1]]
[2025.02.04-03.26.59:492][  0]LogConfig: Setting CVar [[r.DistanceFieldAO:1]]
[2025.02.04-03.26.59:492][  0]LogConfig: Setting CVar [[r.AOQuality:2]]
[2025.02.04-03.26.59:492][  0]LogConfig: Setting CVar [[r.VolumetricFog:1]]
[2025.02.04-03.26.59:492][  0]LogConfig: Setting CVar [[r.VolumetricFog.GridPixelSize:8]]
[2025.02.04-03.26.59:492][  0]LogConfig: Setting CVar [[r.VolumetricFog.GridSizeZ:128]]
[2025.02.04-03.26.59:492][  0]LogConfig: Setting CVar [[r.VolumetricFog.HistoryMissSupersampleCount:4]]
[2025.02.04-03.26.59:492][  0]LogConfig: Setting CVar [[r.LightMaxDrawDistanceScale:1]]
[2025.02.04-03.26.59:492][  0]LogConfig: Setting CVar [[r.CapsuleShadows:1]]
[2025.02.04-03.26.59:492][  0]LogConfig: Applying CVar settings from Section [PostProcessQuality@3] File [C:/Users/Griff/OneDrive/Documents/GitHub/hellsrc/ProjectHellInsurance/Saved/Config/Windows/Scalability.ini]
[2025.02.04-03.26.59:492][  0]LogConfig: Setting CVar [[r.MotionBlurQuality:4]]
[2025.02.04-03.26.59:492][  0]LogConfig: Setting CVar [[r.AmbientOcclusionMipLevelFactor:0.4]]
[2025.02.04-03.26.59:492][  0]LogConfig: Setting CVar [[r.AmbientOcclusionMaxQuality:100]]
[2025.02.04-03.26.59:492][  0]LogConfig: Setting CVar [[r.AmbientOcclusionLevels:-1]]
[2025.02.04-03.26.59:492][  0]LogConfig: Setting CVar [[r.AmbientOcclusionRadiusScale:1.0]]
[2025.02.04-03.26.59:492][  0]LogConfig: Setting CVar [[r.DepthOfFieldQuality:2]]
[2025.02.04-03.26.59:492][  0]LogConfig: Setting CVar [[r.RenderTargetPoolMin:400]]
[2025.02.04-03.26.59:492][  0]LogConfig: Setting CVar [[r.LensFlareQuality:2]]
[2025.02.04-03.26.59:492][  0]LogConfig: Setting CVar [[r.SceneColorFringeQuality:1]]
[2025.02.04-03.26.59:492][  0]LogConfig: Setting CVar [[r.EyeAdaptationQuality:2]]
[2025.02.04-03.26.59:492][  0]LogConfig: Setting CVar [[r.BloomQuality:5]]
[2025.02.04-03.26.59:492][  0]LogConfig: Setting CVar [[r.FastBlurThreshold:100]]
[2025.02.04-03.26.59:492][  0]LogConfig: Setting CVar [[r.Upscale.Quality:3]]
[2025.02.04-03.26.59:492][  0]LogConfig: Setting CVar [[r.Tonemapper.GrainQuantization:1]]
[2025.02.04-03.26.59:492][  0]LogConfig: Setting CVar [[r.LightShaftQuality:1]]
[2025.02.04-03.26.59:492][  0]LogConfig: Setting CVar [[r.Filter.SizeScale:1]]
[2025.02.04-03.26.59:492][  0]LogConfig: Setting CVar [[r.Tonemapper.Quality:5]]
[2025.02.04-03.26.59:492][  0]LogConfig: Setting CVar [[r.DOF.Gather.AccumulatorQuality:1        ; higher gathering accumulator quality]]
[2025.02.04-03.26.59:492][  0]LogConfig: Setting CVar [[r.DOF.Gather.PostfilterMethod:1          ; Median3x3 postfilering method]]
[2025.02.04-03.26.59:492][  0]LogConfig: Setting CVar [[r.DOF.Gather.EnableBokehSettings:0       ; no bokeh simulation when gathering]]
[2025.02.04-03.26.59:492][  0]LogConfig: Setting CVar [[r.DOF.Gather.RingCount:4                 ; medium number of samples when gathering]]
[2025.02.04-03.26.59:492][  0]LogConfig: Setting CVar [[r.DOF.Scatter.ForegroundCompositing:1    ; additive foreground scattering]]
[2025.02.04-03.26.59:492][  0]LogConfig: Setting CVar [[r.DOF.Scatter.BackgroundCompositing:2    ; additive background scattering]]
[2025.02.04-03.26.59:492][  0]LogConfig: Setting CVar [[r.DOF.Scatter.EnableBokehSettings:1      ; bokeh simulation when scattering]]
[2025.02.04-03.26.59:492][  0]LogConfig: Setting CVar [[r.DOF.Scatter.MaxSpriteRatio:0.1         ; only a maximum of 10% of scattered bokeh]]
[2025.02.04-03.26.59:492][  0]LogConfig: Setting CVar [[r.DOF.Recombine.Quality:1                ; cheap slight out of focus]]
[2025.02.04-03.26.59:492][  0]LogConfig: Setting CVar [[r.DOF.Recombine.EnableBokehSettings:0    ; no bokeh simulation on slight out of focus]]
[2025.02.04-03.26.59:492][  0]LogConfig: Setting CVar [[r.DOF.TemporalAAQuality:1                ; more stable temporal accumulation]]
[2025.02.04-03.26.59:492][  0]LogConfig: Setting CVar [[r.DOF.Kernel.MaxForegroundRadius:0.025]]
[2025.02.04-03.26.59:492][  0]LogConfig: Setting CVar [[r.DOF.Kernel.MaxBackgroundRadius:0.025]]
[2025.02.04-03.26.59:492][  0]LogConfig: Applying CVar settings from Section [TextureQuality@3] File [C:/Users/Griff/OneDrive/Documents/GitHub/hellsrc/ProjectHellInsurance/Saved/Config/Windows/Scalability.ini]
[2025.02.04-03.26.59:492][  0]LogConfig: Setting CVar [[r.Streaming.MipBias:0]]
[2025.02.04-03.26.59:492][  0]LogConfig: Setting CVar [[r.Streaming.AmortizeCPUToGPUCopy:0]]
[2025.02.04-03.26.59:492][  0]LogConfig: Setting CVar [[r.Streaming.MaxNumTexturesToStreamPerFrame:0]]
[2025.02.04-03.26.59:492][  0]LogConfig: Setting CVar [[r.Streaming.Boost:1]]
[2025.02.04-03.26.59:492][  0]LogConfig: Setting CVar [[r.MaxAnisotropy:8]]
[2025.02.04-03.26.59:492][  0]LogConfig: Setting CVar [[r.VT.MaxAnisotropy:8]]
[2025.02.04-03.26.59:492][  0]LogConfig: Setting CVar [[r.Streaming.LimitPoolSizeToVRAM:0]]
[2025.02.04-03.26.59:492][  0]LogConfig: Setting CVar [[r.Streaming.PoolSize:1000]]
[2025.02.04-03.26.59:492][  0]LogConfig: Setting CVar [[r.Streaming.MaxEffectiveScreenSize:0]]
[2025.02.04-03.26.59:492][  0]LogConfig: Applying CVar settings from Section [EffectsQuality@3] File [C:/Users/Griff/OneDrive/Documents/GitHub/hellsrc/ProjectHellInsurance/Saved/Config/Windows/Scalability.ini]
[2025.02.04-03.26.59:492][  0]LogConfig: Setting CVar [[r.TranslucencyLightingVolumeDim:64]]
[2025.02.04-03.26.59:492][  0]LogConfig: Setting CVar [[r.RefractionQuality:2]]
[2025.02.04-03.26.59:492][  0]LogConfig: Setting CVar [[r.SSR.Quality:3]]
[2025.02.04-03.26.59:492][  0]LogConfig: Setting CVar [[r.SSR.HalfResSceneColor:0]]
[2025.02.04-03.26.59:492][  0]LogConfig: Setting CVar [[r.SceneColorFormat:4]]
[2025.02.04-03.26.59:492][  0]LogConfig: Setting CVar [[r.DetailMode:2]]
[2025.02.04-03.26.59:492][  0]LogConfig: Setting CVar [[r.TranslucencyVolumeBlur:1]]
[2025.02.04-03.26.59:492][  0]LogConfig: Setting CVar [[r.MaterialQualityLevel:1 ; High quality]]
[2025.02.04-03.26.59:492][  0]LogConfig: Setting CVar [[r.AnisotropicMaterials:1]]
[2025.02.04-03.26.59:492][  0]LogConfig: Setting CVar [[r.SSS.Scale:1]]
[2025.02.04-03.26.59:492][  0]LogConfig: Setting CVar [[r.SSS.SampleSet:2]]
[2025.02.04-03.26.59:492][  0]LogConfig: Setting CVar [[r.SSS.Quality:1]]
[2025.02.04-03.26.59:493][  0]LogConfig: Setting CVar [[r.SSS.HalfRes:0]]
[2025.02.04-03.26.59:493][  0]LogConfig: Setting CVar [[r.SSGI.Quality:3]]
[2025.02.04-03.26.59:493][  0]LogConfig: Setting CVar [[r.EmitterSpawnRateScale:1.0]]
[2025.02.04-03.26.59:493][  0]LogConfig: Setting CVar [[r.ParticleLightQuality:2]]
[2025.02.04-03.26.59:493][  0]LogConfig: Setting CVar [[r.SkyAtmosphere.AerialPerspectiveLUT.FastApplyOnOpaque:1 ; Always have FastSkyLUT 1 in this case to avoid wrong sky]]
[2025.02.04-03.26.59:493][  0]LogConfig: Setting CVar [[r.SkyAtmosphere.AerialPerspectiveLUT.SampleCountMaxPerSlice:4]]
[2025.02.04-03.26.59:493][  0]LogConfig: Setting CVar [[r.SkyAtmosphere.AerialPerspectiveLUT.DepthResolution:16.0]]
[2025.02.04-03.26.59:493][  0]LogConfig: Setting CVar [[r.SkyAtmosphere.FastSkyLUT:1]]
[2025.02.04-03.26.59:493][  0]LogConfig: Setting CVar [[r.SkyAtmosphere.FastSkyLUT.SampleCountMin:4.0]]
[2025.02.04-03.26.59:493][  0]LogConfig: Setting CVar [[r.SkyAtmosphere.FastSkyLUT.SampleCountMax:128.0]]
[2025.02.04-03.26.59:493][  0]LogConfig: Setting CVar [[r.SkyAtmosphere.SampleCountMin:4.0]]
[2025.02.04-03.26.59:493][  0]LogConfig: Setting CVar [[r.SkyAtmosphere.SampleCountMax:128.0]]
[2025.02.04-03.26.59:493][  0]LogConfig: Setting CVar [[r.SkyAtmosphere.TransmittanceLUT.UseSmallFormat:0]]
[2025.02.04-03.26.59:493][  0]LogConfig: Setting CVar [[r.SkyAtmosphere.TransmittanceLUT.SampleCount:10.0]]
[2025.02.04-03.26.59:493][  0]LogConfig: Setting CVar [[r.SkyAtmosphere.MultiScatteringLUT.SampleCount:15.0]]
[2025.02.04-03.26.59:493][  0]LogConfig: Setting CVar [[r.SkyLight.RealTimeReflectionCapture:1]]
[2025.02.04-03.26.59:493][  0]LogConfig: Applying CVar settings from Section [FoliageQuality@3] File [C:/Users/Griff/OneDrive/Documents/GitHub/hellsrc/ProjectHellInsurance/Saved/Config/Windows/Scalability.ini]
[2025.02.04-03.26.59:493][  0]LogConfig: Setting CVar [[foliage.DensityScale:1.0]]
[2025.02.04-03.26.59:493][  0]LogConfig: Setting CVar [[grass.DensityScale:1.0]]
[2025.02.04-03.26.59:493][  0]LogConfig: Applying CVar settings from Section [ShadingQuality@3] File [C:/Users/Griff/OneDrive/Documents/GitHub/hellsrc/ProjectHellInsurance/Saved/Config/Windows/Scalability.ini]
[2025.02.04-03.26.59:493][  0]LogConfig: Setting CVar [[r.HairStrands.SkyLighting.IntegrationType:2]]
[2025.02.04-03.26.59:493][  0]LogConfig: Setting CVar [[r.HairStrands.SkyAO.SampleCount:4]]
[2025.02.04-03.26.59:493][  0]LogConfig: Setting CVar [[r.HairStrands.Visibility.MSAA.SamplePerPixel:4]]
[2025.02.04-03.26.59:493][  0]LogInit: Selected Device Profile: [Windows]
[2025.02.04-03.26.59:493][  0]LogInit: Applying CVar settings loaded from the selected device profile: [Windows]
[2025.02.04-03.26.59:493][  0]LogHAL: Display: Platform has ~ 8 GB [8299606016 / 8589934592 / 8], which maps to Default [LargestMinGB=32, LargerMinGB=12, DefaultMinGB=8, SmallerMinGB=6, SmallestMinGB=0)
[2025.02.04-03.26.59:493][  0]LogInit: Going up to parent DeviceProfile []
[2025.02.04-03.26.59:493][  0]LogConfig: Applying CVar settings from Section [ViewDistanceQuality@3] File [C:/Users/Griff/OneDrive/Documents/GitHub/hellsrc/ProjectHellInsurance/Saved/Config/Windows/Scalability.ini]
[2025.02.04-03.26.59:493][  0]LogConfig: Setting CVar [[r.SkeletalMeshLODBias:0]]
[2025.02.04-03.26.59:493][  0]LogConfig: Setting CVar [[r.ViewDistanceScale:1.0]]
[2025.02.04-03.26.59:493][  0]LogConfig: Applying CVar settings from Section [AntiAliasingQuality@3] File [C:/Users/Griff/OneDrive/Documents/GitHub/hellsrc/ProjectHellInsurance/Saved/Config/Windows/Scalability.ini]
[2025.02.04-03.26.59:493][  0]LogConfig: Setting CVar [[r.PostProcessAAQuality:4]]
[2025.02.04-03.26.59:493][  0]LogConfig: Applying CVar settings from Section [ShadowQuality@3] File [C:/Users/Griff/OneDrive/Documents/GitHub/hellsrc/ProjectHellInsurance/Saved/Config/Windows/Scalability.ini]
[2025.02.04-03.26.59:493][  0]LogConfig: Setting CVar [[r.LightFunctionQuality:1]]
[2025.02.04-03.26.59:493][  0]LogConfig: Setting CVar [[r.ShadowQuality:5]]
[2025.02.04-03.26.59:493][  0]LogConfig: Setting CVar [[r.Shadow.CSM.MaxCascades:10]]
[2025.02.04-03.26.59:493][  0]LogConfig: Setting CVar [[r.Shadow.MaxResolution:2048]]
[2025.02.04-03.26.59:493][  0]LogConfig: Setting CVar [[r.Shadow.MaxCSMResolution:2048]]
[2025.02.04-03.26.59:493][  0]LogConfig: Setting CVar [[r.Shadow.RadiusThreshold:0.01]]
[2025.02.04-03.26.59:493][  0]LogConfig: Setting CVar [[r.Shadow.DistanceScale:1.0]]
[2025.02.04-03.26.59:493][  0]LogConfig: Setting CVar [[r.Shadow.CSM.TransitionScale:1.0]]
[2025.02.04-03.26.59:493][  0]LogConfig: Setting CVar [[r.Shadow.PreShadowResolutionFactor:1.0]]
[2025.02.04-03.26.59:493][  0]LogConfig: Setting CVar [[r.DistanceFieldShadowing:1]]
[2025.02.04-03.26.59:493][  0]LogConfig: Setting CVar [[r.DistanceFieldAO:1]]
[2025.02.04-03.26.59:493][  0]LogConfig: Setting CVar [[r.AOQuality:2]]
[2025.02.04-03.26.59:493][  0]LogConfig: Setting CVar [[r.VolumetricFog:1]]
[2025.02.04-03.26.59:493][  0]LogConfig: Setting CVar [[r.VolumetricFog.GridPixelSize:8]]
[2025.02.04-03.26.59:493][  0]LogConfig: Setting CVar [[r.VolumetricFog.GridSizeZ:128]]
[2025.02.04-03.26.59:493][  0]LogConfig: Setting CVar [[r.VolumetricFog.HistoryMissSupersampleCount:4]]
[2025.02.04-03.26.59:493][  0]LogConfig: Setting CVar [[r.LightMaxDrawDistanceScale:1]]
[2025.02.04-03.26.59:493][  0]LogConfig: Setting CVar [[r.CapsuleShadows:1]]
[2025.02.04-03.26.59:493][  0]LogConfig: Applying CVar settings from Section [PostProcessQuality@3] File [C:/Users/Griff/OneDrive/Documents/GitHub/hellsrc/ProjectHellInsurance/Saved/Config/Windows/Scalability.ini]
[2025.02.04-03.26.59:493][  0]LogConfig: Setting CVar [[r.MotionBlurQuality:4]]
[2025.02.04-03.26.59:493][  0]LogConfig: Setting CVar [[r.AmbientOcclusionMipLevelFactor:0.4]]
[2025.02.04-03.26.59:493][  0]LogConfig: Setting CVar [[r.AmbientOcclusionMaxQuality:100]]
[2025.02.04-03.26.59:493][  0]LogConfig: Setting CVar [[r.AmbientOcclusionLevels:-1]]
[2025.02.04-03.26.59:493][  0]LogConfig: Setting CVar [[r.AmbientOcclusionRadiusScale:1.0]]
[2025.02.04-03.26.59:493][  0]LogConfig: Setting CVar [[r.DepthOfFieldQuality:2]]
[2025.02.04-03.26.59:493][  0]LogConfig: Setting CVar [[r.RenderTargetPoolMin:400]]
[2025.02.04-03.26.59:493][  0]LogConfig: Setting CVar [[r.LensFlareQuality:2]]
[2025.02.04-03.26.59:493][  0]LogConfig: Setting CVar [[r.SceneColorFringeQuality:1]]
[2025.02.04-03.26.59:494][  0]LogConfig: Setting CVar [[r.EyeAdaptationQuality:2]]
[2025.02.04-03.26.59:494][  0]LogConfig: Setting CVar [[r.BloomQuality:5]]
[2025.02.04-03.26.59:494][  0]LogConfig: Setting CVar [[r.FastBlurThreshold:100]]
[2025.02.04-03.26.59:494][  0]LogConfig: Setting CVar [[r.Upscale.Quality:3]]
[2025.02.04-03.26.59:494][  0]LogConfig: Setting CVar [[r.Tonemapper.GrainQuantization:1]]
[2025.02.04-03.26.59:494][  0]LogConfig: Setting CVar [[r.LightShaftQuality:1]]
[2025.02.04-03.26.59:494][  0]LogConfig: Setting CVar [[r.Filter.SizeScale:1]]
[2025.02.04-03.26.59:494][  0]LogConfig: Setting CVar [[r.Tonemapper.Quality:5]]
[2025.02.04-03.26.59:494][  0]LogConfig: Setting CVar [[r.DOF.Gather.AccumulatorQuality:1        ; higher gathering accumulator quality]]
[2025.02.04-03.26.59:494][  0]LogConfig: Setting CVar [[r.DOF.Gather.PostfilterMethod:1          ; Median3x3 postfilering method]]
[2025.02.04-03.26.59:494][  0]LogConfig: Setting CVar [[r.DOF.Gather.EnableBokehSettings:0       ; no bokeh simulation when gathering]]
[2025.02.04-03.26.59:494][  0]LogConfig: Setting CVar [[r.DOF.Gather.RingCount:4                 ; medium number of samples when gathering]]
[2025.02.04-03.26.59:494][  0]LogConfig: Setting CVar [[r.DOF.Scatter.ForegroundCompositing:1    ; additive foreground scattering]]
[2025.02.04-03.26.59:494][  0]LogConfig: Setting CVar [[r.DOF.Scatter.BackgroundCompositing:2    ; additive background scattering]]
[2025.02.04-03.26.59:494][  0]LogConfig: Setting CVar [[r.DOF.Scatter.EnableBokehSettings:1      ; bokeh simulation when scattering]]
[2025.02.04-03.26.59:494][  0]LogConfig: Setting CVar [[r.DOF.Scatter.MaxSpriteRatio:0.1         ; only a maximum of 10% of scattered bokeh]]
[2025.02.04-03.26.59:494][  0]LogConfig: Setting CVar [[r.DOF.Recombine.Quality:1                ; cheap slight out of focus]]
[2025.02.04-03.26.59:494][  0]LogConfig: Setting CVar [[r.DOF.Recombine.EnableBokehSettings:0    ; no bokeh simulation on slight out of focus]]
[2025.02.04-03.26.59:494][  0]LogConfig: Setting CVar [[r.DOF.TemporalAAQuality:1                ; more stable temporal accumulation]]
[2025.02.04-03.26.59:494][  0]LogConfig: Setting CVar [[r.DOF.Kernel.MaxForegroundRadius:0.025]]
[2025.02.04-03.26.59:494][  0]LogConfig: Setting CVar [[r.DOF.Kernel.MaxBackgroundRadius:0.025]]
[2025.02.04-03.26.59:494][  0]LogConfig: Applying CVar settings from Section [TextureQuality@3] File [C:/Users/Griff/OneDrive/Documents/GitHub/hellsrc/ProjectHellInsurance/Saved/Config/Windows/Scalability.ini]
[2025.02.04-03.26.59:494][  0]LogConfig: Setting CVar [[r.Streaming.MipBias:0]]
[2025.02.04-03.26.59:494][  0]LogConfig: Setting CVar [[r.Streaming.AmortizeCPUToGPUCopy:0]]
[2025.02.04-03.26.59:494][  0]LogConfig: Setting CVar [[r.Streaming.MaxNumTexturesToStreamPerFrame:0]]
[2025.02.04-03.26.59:494][  0]LogConfig: Setting CVar [[r.Streaming.Boost:1]]
[2025.02.04-03.26.59:494][  0]LogConfig: Setting CVar [[r.MaxAnisotropy:8]]
[2025.02.04-03.26.59:494][  0]LogConfig: Setting CVar [[r.VT.MaxAnisotropy:8]]
[2025.02.04-03.26.59:494][  0]LogConfig: Setting CVar [[r.Streaming.LimitPoolSizeToVRAM:0]]
[2025.02.04-03.26.59:494][  0]LogConfig: Setting CVar [[r.Streaming.PoolSize:1000]]
[2025.02.04-03.26.59:494][  0]LogConfig: Setting CVar [[r.Streaming.MaxEffectiveScreenSize:0]]
[2025.02.04-03.26.59:494][  0]LogConfig: Applying CVar settings from Section [EffectsQuality@3] File [C:/Users/Griff/OneDrive/Documents/GitHub/hellsrc/ProjectHellInsurance/Saved/Config/Windows/Scalability.ini]
[2025.02.04-03.26.59:494][  0]LogConfig: Setting CVar [[r.TranslucencyLightingVolumeDim:64]]
[2025.02.04-03.26.59:494][  0]LogConfig: Setting CVar [[r.RefractionQuality:2]]
[2025.02.04-03.26.59:494][  0]LogConfig: Setting CVar [[r.SSR.Quality:3]]
[2025.02.04-03.26.59:494][  0]LogConfig: Setting CVar [[r.SSR.HalfResSceneColor:0]]
[2025.02.04-03.26.59:494][  0]LogConfig: Setting CVar [[r.SceneColorFormat:4]]
[2025.02.04-03.26.59:494][  0]LogConfig: Setting CVar [[r.DetailMode:2]]
[2025.02.04-03.26.59:494][  0]LogConfig: Setting CVar [[r.TranslucencyVolumeBlur:1]]
[2025.02.04-03.26.59:494][  0]LogConfig: Setting CVar [[r.MaterialQualityLevel:1 ; High quality]]
[2025.02.04-03.26.59:494][  0]LogConfig: Setting CVar [[r.AnisotropicMaterials:1]]
[2025.02.04-03.26.59:494][  0]LogConfig: Setting CVar [[r.SSS.Scale:1]]
[2025.02.04-03.26.59:494][  0]LogConfig: Setting CVar [[r.SSS.SampleSet:2]]
[2025.02.04-03.26.59:494][  0]LogConfig: Setting CVar [[r.SSS.Quality:1]]
[2025.02.04-03.26.59:494][  0]LogConfig: Setting CVar [[r.SSS.HalfRes:0]]
[2025.02.04-03.26.59:494][  0]LogConfig: Setting CVar [[r.SSGI.Quality:3]]
[2025.02.04-03.26.59:494][  0]LogConfig: Setting CVar [[r.EmitterSpawnRateScale:1.0]]
[2025.02.04-03.26.59:494][  0]LogConfig: Setting CVar [[r.ParticleLightQuality:2]]
[2025.02.04-03.26.59:494][  0]LogConfig: Setting CVar [[r.SkyAtmosphere.AerialPerspectiveLUT.FastApplyOnOpaque:1 ; Always have FastSkyLUT 1 in this case to avoid wrong sky]]
[2025.02.04-03.26.59:494][  0]LogConfig: Setting CVar [[r.SkyAtmosphere.AerialPerspectiveLUT.SampleCountMaxPerSlice:4]]
[2025.02.04-03.26.59:494][  0]LogConfig: Setting CVar [[r.SkyAtmosphere.AerialPerspectiveLUT.DepthResolution:16.0]]
[2025.02.04-03.26.59:494][  0]LogConfig: Setting CVar [[r.SkyAtmosphere.FastSkyLUT:1]]
[2025.02.04-03.26.59:494][  0]LogConfig: Setting CVar [[r.SkyAtmosphere.FastSkyLUT.SampleCountMin:4.0]]
[2025.02.04-03.26.59:494][  0]LogConfig: Setting CVar [[r.SkyAtmosphere.FastSkyLUT.SampleCountMax:128.0]]
[2025.02.04-03.26.59:494][  0]LogConfig: Setting CVar [[r.SkyAtmosphere.SampleCountMin:4.0]]
[2025.02.04-03.26.59:494][  0]LogConfig: Setting CVar [[r.SkyAtmosphere.SampleCountMax:128.0]]
[2025.02.04-03.26.59:494][  0]LogConfig: Setting CVar [[r.SkyAtmosphere.TransmittanceLUT.UseSmallFormat:0]]
[2025.02.04-03.26.59:494][  0]LogConfig: Setting CVar [[r.SkyAtmosphere.TransmittanceLUT.SampleCount:10.0]]
[2025.02.04-03.26.59:494][  0]LogConfig: Setting CVar [[r.SkyAtmosphere.MultiScatteringLUT.SampleCount:15.0]]
[2025.02.04-03.26.59:494][  0]LogConfig: Setting CVar [[r.SkyLight.RealTimeReflectionCapture:1]]
[2025.02.04-03.26.59:494][  0]LogConfig: Applying CVar settings from Section [FoliageQuality@3] File [C:/Users/Griff/OneDrive/Documents/GitHub/hellsrc/ProjectHellInsurance/Saved/Config/Windows/Scalability.ini]
[2025.02.04-03.26.59:494][  0]LogConfig: Setting CVar [[foliage.DensityScale:1.0]]
[2025.02.04-03.26.59:494][  0]LogConfig: Setting CVar [[grass.DensityScale:1.0]]
[2025.02.04-03.26.59:494][  0]LogConfig: Applying CVar settings from Section [ShadingQuality@3] File [C:/Users/Griff/OneDrive/Documents/GitHub/hellsrc/ProjectHellInsurance/Saved/Config/Windows/Scalability.ini]
[2025.02.04-03.26.59:494][  0]LogConfig: Setting CVar [[r.HairStrands.SkyLighting.IntegrationType:2]]
[2025.02.04-03.26.59:494][  0]LogConfig: Setting CVar [[r.HairStrands.SkyAO.SampleCount:4]]
[2025.02.04-03.26.59:494][  0]LogConfig: Setting CVar [[r.HairStrands.Visibility.MSAA.SamplePerPixel:4]]
[2025.02.04-03.26.59:494][  0]LogConfig: Applying CVar settings from Section [Startup] File [../../../Engine/Config/ConsoleVariables.ini]
[2025.02.04-03.26.59:495][  0]LogConfig: Setting CVar [[net.UseAdaptiveNetUpdateFrequency:0]]
[2025.02.04-03.26.59:495][  0]LogConfig: Setting CVar [[p.chaos.AllowCreatePhysxBodies:1]]
[2025.02.04-03.26.59:495][  0]LogConfig: Setting CVar [[fx.SkipVectorVMBackendOptimizations:1]]
[2025.02.04-03.26.59:495][  0]LogConfig: Applying CVar settings from Section [ConsoleVariables] File [C:/Users/Griff/OneDrive/Documents/GitHub/hellsrc/ProjectHellInsurance/Saved/Config/Windows/Engine.ini]
[2025.02.04-03.26.59:495][  0]LogConfig: Applying CVar settings from Section [ConsoleVariables] File [C:/Users/Griff/OneDrive/Documents/GitHub/hellsrc/ProjectHellInsurance/Saved/Config/Windows/Editor.ini]
[2025.02.04-03.26.59:495][  0]LogInit: Computer: DESKTOP-QC3PMKN
[2025.02.04-03.26.59:495][  0]LogInit: User: Griff
[2025.02.04-03.26.59:495][  0]LogInit: CPU Page size=4096, Cores=2
[2025.02.04-03.26.59:495][  0]LogInit: High frequency timer resolution =10.000000 MHz
[2025.02.04-03.26.59:495][  0]LogMemory: Memory total: Physical=7.7GB (8GB approx)
[2025.02.04-03.26.59:496][  0]LogMemory: Platform Memory Stats for Windows
[2025.02.04-03.26.59:496][  0]LogMemory: Process Physical Memory: 141.52 MB used, 141.52 MB peak
[2025.02.04-03.26.59:496][  0]LogMemory: Process Virtual Memory: 123.16 MB used, 123.16 MB peak
[2025.02.04-03.26.59:496][  0]LogMemory: Physical Memory: 6399.68 MB used,  1515.44 MB free, 7915.12 MB total
[2025.02.04-03.26.59:496][  0]LogMemory: Virtual Memory: 134213984.00 MB used,  3743.55 MB free, 134217728.00 MB total
[2025.02.04-03.26.59:503][  0]LogWindows: WindowsPlatformFeatures enabled
[2025.02.04-03.26.59:610][  0]LogInit: Physics initialised using underlying interface: PhysX
[2025.02.04-03.26.59:614][  0]LogInit: Using OS detected language (en-US).
[2025.02.04-03.26.59:614][  0]LogInit: Using OS detected locale (en-US).
[2025.02.04-03.26.59:628][  0]LogTextLocalizationManager: No specific localization for 'en-US' exists, so the 'en' localization will be used.
[2025.02.04-03.27.00:026][  0]LogInit: Setting process to per monitor DPI aware
[2025.02.04-03.27.00:043][  0]LogWindowsTextInputMethodSystem: Display: IME system deactivated.
[2025.02.04-03.27.00:075][  0]LogSlate: New Slate User Created.  User Index 0, Is Virtual User: 0
[2025.02.04-03.27.00:075][  0]LogSlate: Slate User Registered.  User Index 0, Is Virtual User: 0
[2025.02.04-03.27.00:328][  0]LogD3D11RHI: Loaded GFSDK_Aftermath_Lib.x64.dll
[2025.02.04-03.27.00:331][  0]LogHMD: Failed to initialize OpenVR with code 110
[2025.02.04-03.27.00:331][  0]LogD3D11RHI: D3D11 min allowed feature level: 11_0
[2025.02.04-03.27.00:331][  0]LogD3D11RHI: D3D11 max allowed feature level: 11_0
[2025.02.04-03.27.00:331][  0]LogD3D11RHI: D3D11 adapters:
[2025.02.04-03.27.00:384][  0]LogD3D11RHI:    0. 'Intel(R) UHD Graphics' (Feature Level 11_0)
[2025.02.04-03.27.00:384][  0]LogD3D11RHI:       128/0/3957 MB DedicatedVideo/DedicatedSystem/SharedSystem, Outputs:1, VendorId:0x8086
[2025.02.04-03.27.00:395][  0]LogD3D11RHI:    1. 'Microsoft Basic Render Driver' (Feature Level 11_0)
[2025.02.04-03.27.00:395][  0]LogD3D11RHI:       0/0/3957 MB DedicatedVideo/DedicatedSystem/SharedSystem, Outputs:0, VendorId:0x1414
[2025.02.04-03.27.00:395][  0]LogD3D11RHI: Chosen D3D11 Adapter:
[2025.02.04-03.27.00:395][  0]LogD3D11RHI:     Description : Intel(R) UHD Graphics
[2025.02.04-03.27.00:395][  0]LogD3D11RHI:     VendorId    : 8086
[2025.02.04-03.27.00:395][  0]LogD3D11RHI:     DeviceId    : 9a78
[2025.02.04-03.27.00:395][  0]LogD3D11RHI:     SubSysId    : a5c1028
[2025.02.04-03.27.00:395][  0]LogD3D11RHI:     Revision    : 0001
[2025.02.04-03.27.00:395][  0]LogD3D11RHI:     DedicatedVideoMemory : 134217728 bytes
[2025.02.04-03.27.00:395][  0]LogD3D11RHI:     DedicatedSystemMemory : 0 bytes
[2025.02.04-03.27.00:395][  0]LogD3D11RHI:     SharedSystemMemory : 4149803008 bytes
[2025.02.04-03.27.00:395][  0]LogD3D11RHI:     AdapterLuid : 0 98322
[2025.02.04-03.27.00:400][  0]LogD3D11RHI: Creating new Direct3DDevice
[2025.02.04-03.27.00:401][  0]LogD3D11RHI:     GPU DeviceId: 0x9a78 (for the marketing name, search the web for "GPU Device Id")
[2025.02.04-03.27.00:401][  0]LogWindows: EnumDisplayDevices:
[2025.02.04-03.27.00:401][  0]LogWindows:    0. 'Intel(R) UHD Graphics' (P:1 D:1)
[2025.02.04-03.27.00:401][  0]LogWindows:    1. 'Intel(R) UHD Graphics' (P:0 D:0)
[2025.02.04-03.27.00:401][  0]LogWindows:    2. 'Intel(R) UHD Graphics' (P:0 D:0)
[2025.02.04-03.27.00:401][  0]LogWindows:    3. 'Intel(R) UHD Graphics' (P:0 D:0)
[2025.02.04-03.27.00:401][  0]LogWindows: DebugString: FoundDriverCount:4 
[2025.02.04-03.27.00:401][  0]LogD3D11RHI:     Adapter Name: Intel(R) UHD Graphics
[2025.02.04-03.27.00:401][  0]LogD3D11RHI:   Driver Version: 32.0.101.5768 (internal:32.0.101.5768, unified:32.0.101.5768)
[2025.02.04-03.27.00:401][  0]LogD3D11RHI:      Driver Date: 7-24-2024
[2025.02.04-03.27.00:401][  0]LogRHI: Texture pool is 1474 MB (70% of 2106 MB)
[2025.02.04-03.27.00:423][  0]LogD3D11RHI: Creating D3DDevice using adapter:
[2025.02.04-03.27.00:423][  0]LogD3D11RHI:     Description : Intel(R) UHD Graphics
[2025.02.04-03.27.00:423][  0]LogD3D11RHI:     VendorId    : 8086
[2025.02.04-03.27.00:423][  0]LogD3D11RHI:     DeviceId    : 9a78
[2025.02.04-03.27.00:423][  0]LogD3D11RHI:     SubSysId    : a5c1028
[2025.02.04-03.27.00:423][  0]LogD3D11RHI:     Revision    : 0001
[2025.02.04-03.27.00:423][  0]LogD3D11RHI:     DedicatedVideoMemory : 134217728 bytes
[2025.02.04-03.27.00:423][  0]LogD3D11RHI:     DedicatedSystemMemory : 0 bytes
[2025.02.04-03.27.00:423][  0]LogD3D11RHI:     SharedSystemMemory : 4149803008 bytes
[2025.02.04-03.27.00:423][  0]LogD3D11RHI:     AdapterLuid : 0 98322
[2025.02.04-03.27.00:468][  0]LogD3D11RHI: RHI does not have support for 64 bit atomics
[2025.02.04-03.27.00:490][  0]LogD3D11RHI: Intel Extensions support version Full=16777216, Major=1, Minor=0, Revision=0
[2025.02.04-03.27.00:491][  0]LogD3D11RHI: Intel Extensions support version Full=16777217, Major=1, Minor=0, Revision=1
[2025.02.04-03.27.00:491][  0]LogD3D11RHI: Intel Extensions Framework enabled
[2025.02.04-03.27.00:492][  0]LogD3D11RHI: [IntelMetricsDiscovery] Started
[2025.02.04-03.27.00:492][  0]LogD3D11RHI: Async texture creation enabled
[2025.02.04-03.27.00:492][  0]LogD3D11RHI: Array index from any shader is supported
[2025.02.04-03.27.00:515][  0]LogD3D11RHI: GPU Timing Frequency: 19.200000 (Debug: 2 0)
[2025.02.04-03.27.00:899][  0]LogTargetPlatformManager: Display: Loaded TargetPlatform 'AllDesktop'
[2025.02.04-03.27.00:920][  0]LogTargetPlatformManager: Display: Loaded TargetPlatform 'Android'
[2025.02.04-03.27.00:920][  0]LogTargetPlatformManager: Display: Loaded TargetPlatform 'Android_ASTC'
[2025.02.04-03.27.00:920][  0]LogTargetPlatformManager: Display: Loaded TargetPlatform 'Android_DXT'
[2025.02.04-03.27.00:920][  0]LogTargetPlatformManager: Display: Loaded TargetPlatform 'Android_ETC2'
[2025.02.04-03.27.00:920][  0]LogTargetPlatformManager: Display: Loaded TargetPlatform 'AndroidClient'
[2025.02.04-03.27.00:920][  0]LogTargetPlatformManager: Display: Loaded TargetPlatform 'Android_ASTCClient'
[2025.02.04-03.27.00:920][  0]LogTargetPlatformManager: Display: Loaded TargetPlatform 'Android_DXTClient'
[2025.02.04-03.27.00:920][  0]LogTargetPlatformManager: Display: Loaded TargetPlatform 'Android_ETC2Client'
[2025.02.04-03.27.00:920][  0]LogTargetPlatformManager: Display: Loaded TargetPlatform 'Android_Multi'
[2025.02.04-03.27.00:920][  0]LogTargetPlatformManager: Display: Loaded TargetPlatform 'Android_MultiClient'
[2025.02.04-03.27.00:943][  0]LogTargetPlatformManager: Display: Loaded TargetPlatform 'IOSClient'
[2025.02.04-03.27.00:943][  0]LogTargetPlatformManager: Display: Loaded TargetPlatform 'IOS'
[2025.02.04-03.27.00:954][  0]LogTargetPlatformManager: Display: Loaded TargetPlatform 'Linux'
[2025.02.04-03.27.00:959][  0]LogTargetPlatformManager: Display: Loaded TargetPlatform 'LinuxNoEditor'
[2025.02.04-03.27.00:965][  0]LogTargetPlatformManager: Display: Loaded TargetPlatform 'LinuxClient'
[2025.02.04-03.27.00:970][  0]LogTargetPlatformManager: Display: Loaded TargetPlatform 'LinuxServer'
[2025.02.04-03.27.00:982][  0]LogTargetPlatformManager: Display: Loaded TargetPlatform 'LinuxAArch64NoEditor'
[2025.02.04-03.27.00:987][  0]LogTargetPlatformManager: Display: Loaded TargetPlatform 'LinuxAArch64Client'
[2025.02.04-03.27.00:991][  0]LogTargetPlatformManager: Display: Loaded TargetPlatform 'LinuxAArch64Server'
[2025.02.04-03.27.01:017][  0]LogTargetPlatformManager: Display: Loaded TargetPlatform 'Lumin'
[2025.02.04-03.27.01:017][  0]LogTargetPlatformManager: Display: Loaded TargetPlatform 'LuminClient'
[2025.02.04-03.27.01:029][  0]LogTargetPlatformManager: Display: Loaded TargetPlatform 'MacNoEditor'
[2025.02.04-03.27.01:035][  0]LogTargetPlatformManager: Display: Loaded TargetPlatform 'Mac'
[2025.02.04-03.27.01:040][  0]LogTargetPlatformManager: Display: Loaded TargetPlatform 'MacClient'
[2025.02.04-03.27.01:045][  0]LogTargetPlatformManager: Display: Loaded TargetPlatform 'MacServer'
[2025.02.04-03.27.01:055][  0]LogTargetPlatformManager: Display: Loaded TargetPlatform 'TVOSClient'
[2025.02.04-03.27.01:055][  0]LogTargetPlatformManager: Display: Loaded TargetPlatform 'TVOS'
[2025.02.04-03.27.01:064][  0]LogTargetPlatformManager: Display: Loaded TargetPlatform 'WindowsNoEditor'
[2025.02.04-03.27.01:070][  0]LogTargetPlatformManager: Display: Loaded TargetPlatform 'Windows'
[2025.02.04-03.27.01:076][  0]LogTargetPlatformManager: Display: Loaded TargetPlatform 'WindowsClient'
[2025.02.04-03.27.01:081][  0]LogTargetPlatformManager: Display: Loaded TargetPlatform 'WindowsServer'
[2025.02.04-03.27.01:081][  0]LogTargetPlatformManager: Display: Building Assets For Windows
[2025.02.04-03.27.01:095][  0]LogAudioDebug: Display: Lib vorbis DLL was dynamically loaded.
[2025.02.04-03.27.01:159][  0]LogTextureFormatOodle: Display: Oodle Texture 2.9.0 init RDO Off
[2025.02.04-03.27.01:255][  0]LogRendererCore: Ray tracing is disabled. Reason: r.RayTracing=0.
[2025.02.04-03.27.01:255][  0]LogShaderCompilers: Guid format shader working directory is -38 characters bigger than the processId version (../../../../../../Users/Griff/OneDrive/Documents/GitHub/hellsrc/ProjectHellInsurance/Intermediate/Shaders/WorkingDirectory/2196/).
[2025.02.04-03.27.01:256][  0]LogShaderCompilers: Cleaned the shader compiler working directory 'C:/Users/Griff/AppData/Local/Temp/UnrealShaderWorkingDir/507F42734DB8C0B41FAFB58E7417B265/'.
[2025.02.04-03.27.01:256][  0]LogXGEController: Cannot use XGE Controller as Incredibuild is not installed on this machine.
[2025.02.04-03.27.01:256][  0]LogShaderCompilers: Cannot use XGE Shader Compiler as Incredibuild is not installed on this machine.
[2025.02.04-03.27.01:256][  0]LogShaderCompilers: Display: Using Local Shader Compiler.
[2025.02.04-03.27.02:133][  0]LogDerivedDataCache: Display: Max Cache Size: 512 MB
[2025.02.04-03.27.02:236][  0]LogDerivedDataCache: Loaded boot cache 0.10s 94MB C:/Users/Griff/AppData/Local/UnrealEngine/4.27/DerivedDataCache/Boot.ddc.
[2025.02.04-03.27.02:236][  0]LogDerivedDataCache: Display: Loaded Boot cache: C:/Users/Griff/AppData/Local/UnrealEngine/4.27/DerivedDataCache/Boot.ddc
[2025.02.04-03.27.02:236][  0]LogDerivedDataCache: FDerivedDataBackendGraph:  Pak pak cache file ../../../../../../Users/Griff/OneDrive/Documents/GitHub/hellsrc/ProjectHellInsurance/DerivedDataCache/DDC.ddp not found, will not use a pak cache.
[2025.02.04-03.27.02:236][  0]LogDerivedDataCache: Unable to find inner node Pak for hierarchical cache Hierarchy.
[2025.02.04-03.27.02:237][  0]LogDerivedDataCache: FDerivedDataBackendGraph:  CompressedPak pak cache file ../../../../../../Users/Griff/OneDrive/Documents/GitHub/hellsrc/ProjectHellInsurance/DerivedDataCache/Compressed.ddp not found, will not use a pak cache.
[2025.02.04-03.27.02:237][  0]LogDerivedDataCache: Unable to find inner node CompressedPak for hierarchical cache Hierarchy.
[2025.02.04-03.27.02:256][  0]LogDerivedDataCache: Display: Pak cache opened for reading ../../../Engine/DerivedDataCache/Compressed.ddp.
[2025.02.04-03.27.02:256][  0]LogDerivedDataCache: FDerivedDataBackendGraph:  EnterprisePak pak cache file ../../../Enterprise/DerivedDataCache/Compressed.ddp not found, will not use a pak cache.
[2025.02.04-03.27.02:256][  0]LogDerivedDataCache: Unable to find inner node EnterprisePak for hierarchical cache Hierarchy.
[2025.02.04-03.27.02:273][  0]LogDerivedDataCache: Speed tests for C:/Users/Griff/AppData/Local/UnrealEngine/Common/DerivedDataCache took 0.02 seconds
[2025.02.04-03.27.02:273][  0]LogDerivedDataCache: Display: Performance to C:/Users/Griff/AppData/Local/UnrealEngine/Common/DerivedDataCache: Latency=0.07ms. RandomReadSpeed=89.46MBs, RandomWriteSpeed=194.30MBs. Assigned SpeedClass 'Local'
[2025.02.04-03.27.02:275][  0]LogDerivedDataCache: Using Local data cache path C:/Users/Griff/AppData/Local/UnrealEngine/Common/DerivedDataCache: Writable
[2025.02.04-03.27.02:275][  0]LogDerivedDataCache: Shared data cache path not found in *engine.ini, will not use an Shared cache.
[2025.02.04-03.27.02:275][  0]LogDerivedDataCache: Unable to find inner node Shared for hierarchical cache Hierarchy.
[2025.02.04-03.27.02:325][  0]LogSlate: Using FreeType 2.10.0
[2025.02.04-03.27.02:328][  0]LogSlate: SlateFontServices - WITH_FREETYPE: 1, WITH_HARFBUZZ: 1
[2025.02.04-03.27.02:381][  0]LogAssetRegistry: FAssetRegistry took 0.0023 seconds to start up
[2025.02.04-03.27.02:687][  0]LogInit: Selected Device Profile: [Windows]
[2025.02.04-03.27.02:687][  0]LogInit: Active device profile: [000002791F008F00][000002791D0BD7C0 49] Windows
[2025.02.04-03.27.02:687][  0]LogInit: Profiles: [000002791F008F00][000002791D0BD7C0 49] Windows, [000002791EFEE400][0000027915643940 49] WindowsNoEditor, [000002791F009F00][00000279149AFAC0 49] WindowsServer, [000002791EFED600][00000279149B20C0 49] WindowsClient, [000002791F009000][00000279149B6240 49] IOS, [000002791EFEFA00][00000279149BA3C0 49] iPadAir, [000002791F00B300][00000279149BE540 49] iPadAir2, [000002791EF91300][00000279149C6800 49] IPadPro, [000002791EF91400][00000279149C2840 49] iPadAir3, [000002791EFECB00][00000279149CA9C0 49] iPadAir4, [000002791EF92100][00000279149CEB40 49] iPadMini2, [000002791EFEF400][00000279149D2CC0 49] iPadMini3, [000002791EF92C00][000002791563EE00 49] iPadMini4, [000002791EFEE700][00000279149D6F40 49] iPadMini5, [000002791EFA8E00][00000279149DF180 49] iPhone6, [000002791EFA8F00][00000279149DB1C0 49] iPodTouch6, [000002791F00B700][00000279149EB480 49] iPhone7, [000002791F00A800][00000279149E74C0 49] iPodTouch7, [000002791EF90C00][00000279149EF640 49] iPhone5S, [000002791F009300][00000279149F37C0 49] iPhone6Plus, [000002791F008600][00000279149F7940 49] iPhone6S, [000002791EFA9300][00000279149FBAC0 49] iPhone6SPlus, [000002791F008B00][000002791F28E0C0 49] iPhone7Plus, [000002791EFA9600][000002791F292240 49] iPhoneSE, [000002791F008A00][000002791F2963C0 49] iPhone8, [000002791EFA9200][000002791F29A540 49] iPhone8Plus, [000002791EF92B00][000002791F29E6C0 49] iPhoneX, [000002791EFA8C00][000002791F2A2840 49] iPhoneXS, [000002791EF93A00][000002791F2A69C0 49] iPhoneXSMax, [000002791EFAB800][000002791F2AAB40 49] iPhoneXR, [000002791EF90D00][000002791F2AECC0 49] iPhone11, [000002791EFAA600][000002791F2B2E40 49] iPhone11Pro, [000002791EF92900][00000279149E2F80 49] iPhone11ProMax, [000002791EFA8200][000002791F2B70C0 49] iPhoneSE2, [000002791EF90B00][000002791F2BB200 49] iPhone12Mini, [000002791EFAAA00][000002791F2BF340 49] iPhone12, [000002791EF92E00][000002791F2C74C0 49] iPhone12Pro, [000002791EFA8A00][000002791F2CB640 49] iPhone12ProMax, [000002791EF93200][000002791F2CF7C0 49] iPadPro105, [000002791EFAB600][000002791F2D3940 49] iPadPro129, [000002791EF92000][000002791F2D7AC0 49] iPadPro97, [000002791EFAA000][000002791F2DA0C0 49] iPadPro2_129, [000002791EF92400][000002791F2DE240 49] iPad5, [000002791EFA9400][000002791F2E23C0 49] iPad6, [000002791EF91000][000002791F2E6540 49] iPad7, [000002791EFA9700][000002791F2EA6C0 49] iPad8, [000002791EF93C00][000002791F2EE840 49] iPadPro11, [000002791EFA9800][000002791F2F29C0 49] iPadPro2_11, [000002791EF90600][000002791F2F6B40 49] iPadPro3_129, [000002791EFA8D00][000002791F2FACC0 49] iPadPro4_129, [000002791EF93100][000002791F2FEE40 49] AppleTV, [000002791EFA8800][000002791F302FC0 49] AppleTV4K, [000002791EF90500][000002791F307140 49] TVOS, [000002791EFA8500][000002791F2C3280 49] Mac, [000002791EF90700][000002791F30B3C0 49] MacClient, [000002791EFA9500][000002791F30F500 49] MacNoEditor, [000002791EF91500][000002791F317680 49] MacServer, [000002791EFAAE00][000002791F31B800 49] Linux, [000002791EF90400][000002791F31F980 49] LinuxAArch64, [000002791EFA9E00][000002791F323B00 49] LinuxNoEditor, [000002791EF91C00][000002791F326100 49] LinuxAArch64NoEditor, [000002791EFAA900][000002791F32A280 49] LinuxClient, [000002791EF92D00][000002791F32E400 49] LinuxAArch64Client, [000002791EFA8100][000002791F332580 49] LinuxServer, [000002791EF91E00][000002791F336700 49] LinuxAArch64Server, [000002791EFA8B00][000002791F33A880 49] Android, [000002791EF91A00][000002791F33EA00 49] Android_Low, [000002791EFAAF00][000002791F342B80 49] Android_Mid, [000002791EF91100][000002791F346D00 49] Android_High, [000002791EFAB000][000002791F34AE80 49] Android_Default, [000002791EF91700][000002791F34F000 49] Android_Adreno4xx, [000002791EFA9900][000002791F353180 49] Android_Adreno5xx_Low, [000002791EF90A00][000002791F357300 49] Android_Adreno5xx, [000002791EFAB400][000002791F313440 49] Android_Adreno6xx, [000002791EF90E00][000002791F35B580 49] Android_Adreno6xx_Vulkan, [000002791EFAB100][000002791F35F6C0 49] Android_Mali_T6xx, [000002791F00AF00][000002791F367840 49] Android_Mali_T7xx, [000002791EFEC800][000002791F36B9C0 49] Android_Mali_T8xx, [000002791F009200][000002791F36FB40 49] Android_Mali_G71, [000002791EFECE00][000002791F372140 49] Android_Mali_G72, [000002791F009100][000002791F3762C0 49] Android_Mali_G72_Vulkan, [000002791EFEE500][000002791F37A440 49] Android_Mali_G76, [000002791F009500][000002791F37E5C0 49] Android_Mali_G76_Vulkan, [000002791EFEE000][000002791F382740 49] Android_Mali_G77, [000002791F00BF00][000002791F3868C0 49] Android_Mali_G77_Vulkan, [000002791EFEDD00][000002791F38AA40 49] Android_Mali_G78, [000002791F008300][000002791F38EBC0 49] Android_Mali_G78_Vulkan, [000002791EFEC400][000002791F392D40 49] Android_Mali_G710, [000002791F00B600][000002791F396EC0 49] Android_Mali_G710_Vulkan, [000002791EFEF100][000002791F39B040 49] Android_Vulkan_SM5, [000002791F008900][000002791F39F1C0 49] Android_PowerVR_G6xxx, [000002791EFECA00][000002791F3A3340 49] Android_PowerVR_GT7xxx, [000002791F008D00][000002791F3A74C0 49] Android_PowerVR_GE8xxx, [000002791EFEFB00][000002791F363600 49] Android_PowerVR_GM9xxx, [000002791F00A300][000002791F3AB740 49] Android_PowerVR_GM9xxx_Vulkan, [000002791EFED200][000002791F3AF880 49] Android_TegraK1, [000002791F00AA00][000002791F3B39C0 49] Android_Unknown_Vulkan, [000002791EFEF000][000002791F3BBB40 49] Lumin, [000002791F009C00][000002791F3BE140 49] Lumin_Desktop, [000002791EFEEE00][000002791F3C22C0 49] HoloLens, 
[2025.02.04-03.27.02:994][  0]LogMeshReduction: Using QuadricMeshReduction for automatic static mesh reduction
[2025.02.04-03.27.02:994][  0]LogMeshReduction: Using SimplygonMeshReduction for automatic skeletal mesh reduction
[2025.02.04-03.27.02:995][  0]LogMeshReduction: Using ProxyLODMeshReduction for automatic mesh merging
[2025.02.04-03.27.02:995][  0]LogMeshReduction: No distributed automatic mesh merging module available
[2025.02.04-03.27.02:996][  0]LogMeshMerging: No distributed automatic mesh merging module available
[2025.02.04-03.27.03:020][  0]LogNetVersion: ProjectHellInsurance 1.0.0, NetCL: 17155196, EngineNetVer: 17, GameNetVer: 0 (Checksum: 3278014901)
[2025.02.04-03.27.04:047][  0]LogTexture: Default maximum texture size for cubemaps generated from long-lat sources has been changed from 512 to unlimited. In order to preserve old behaiour for '/Engine/MapTemplates/Sky/DaylightAmbientCubemap.DaylightAmbientCubemap', its maximum texture size has been explicitly set to 512.
[2025.02.04-03.27.04:148][  0]LogHMD: PokeAHoleMaterial loaded successfully
[2025.02.04-03.27.04:161][  0]LogUObjectArray: 17178 objects as part of root set at end of initial load.
[2025.02.04-03.27.04:162][  0]LogUObjectAllocator: 4302048 out of 0 bytes used by permanent object pool.
[2025.02.04-03.27.04:162][  0]LogUObjectArray: CloseDisregardForGC: 0/0 objects in disregard for GC pool
[2025.02.04-03.27.05:238][  0]LogNiagaraDebuggerClient: Niagara Debugger Client Initialized | Session: AB78D48546CE06708638E78B4B765261 | Instance: 556169294E87515404D03D8BC29DF175 (DESKTOP-QC3PMKN-2196).
[2025.02.04-03.27.05:424][  0]LogTcpMessaging: Initializing TcpMessaging bridge
[2025.02.04-03.27.05:441][  0]LogUdpMessaging: Initializing bridge on interface 0.0.0.0:0 to multicast group 230.0.0.1:6666.
[2025.02.04-03.27.05:524][  0]LogPython: Using Python 3.7.7
[2025.02.04-03.27.06:203][  0]SourceControl: Source control is disabled
[2025.02.04-03.27.06:204][  0]SourceControl: Source control is disabled
[2025.02.04-03.27.06:209][  0]SourceControl: Source control is disabled
[2025.02.04-03.27.06:213][  0]SourceControl: Source control is disabled
[2025.02.04-03.27.06:227][  0]SourceControl: Source control is disabled
[2025.02.04-03.27.06:234][  0]LogUProjectInfo: Found projects:
[2025.02.04-03.27.06:399][  0]LogAndroidPermission: UAndroidPermissionCallbackProxy::GetInstance
[2025.02.04-03.27.06:432][  0]LogAudioCaptureCore: Display: No Audio Capture implementations found. Audio input will be silent.
[2025.02.04-03.27.06:432][  0]LogAudioCaptureCore: Display: No Audio Capture implementations found. Audio input will be silent.
[2025.02.04-03.27.06:767][  0]LogOpenImageDenoise: OIDN starting up
[2025.02.04-03.27.06:778][  0]LogCollectionManager: Loaded 0 collections in 0.001921 seconds
[2025.02.04-03.27.06:814][  0]LogFileCache: Scanning file cache for directory 'C:/Users/Griff/OneDrive/Documents/GitHub/hellsrc/ProjectHellInsurance/Saved/Collections/' took 0.00s
[2025.02.04-03.27.06:814][  0]LogFileCache: Scanning file cache for directory 'C:/Users/Griff/OneDrive/Documents/GitHub/hellsrc/ProjectHellInsurance/Content/Developers/Griff/Collections/' took 0.00s
[2025.02.04-03.27.06:814][  0]LogFileCache: Scanning file cache for directory 'C:/Users/Griff/OneDrive/Documents/GitHub/hellsrc/ProjectHellInsurance/Content/Collections/' took 0.00s
[2025.02.04-03.27.06:814][  0]LogOcInput: OculusInput pre-init called
[2025.02.04-03.27.07:136][  0]LogEngine: Initializing Engine...
[2025.02.04-03.27.07:152][  0]LogHMD: Failed to enumerate extensions. Please check that you have a valid OpenXR runtime installed.
[2025.02.04-03.27.07:153][  0]LogHMD: Failed to initialize OpenVR with code 110
[2025.02.04-03.27.07:154][  0]LogMagicLeap: Warning: VR disabled because ZI is not enabled.  To enable, in the editor, Edit -> Project Settings -> Plugins -> Magic Leap Plugin -> Enable Zero Iteration
[2025.02.04-03.27.07:155][  0]LogStats: UGameplayTagsManager::InitializeManager -  0.000 s
[2025.02.04-03.27.07:317][  0]LogInit: Initializing FReadOnlyCVARCache
[2025.02.04-03.27.07:408][  0]LogAIModule: Creating AISystem for world Untitled
[2025.02.04-03.27.07:428][  0]LogAudio: Display: Initializing Audio Device Manager...
[2025.02.04-03.27.07:436][  0]LogAudio: Display: Loading Default Audio Settings Objects...
[2025.02.04-03.27.07:438][  0]LogAudio: Display: No default SoundConcurrencyObject specified (or failed to load).
[2025.02.04-03.27.07:441][  0]LogAudio: Display: Audio Device Manager Initialized
[2025.02.04-03.27.07:441][  0]LogAudio: Display: Creating Audio Device:                 Id: 1, Scope: Shared, Realtime: True
[2025.02.04-03.27.07:443][  0]LogAudioMixer: Display: Audio Mixer Platform Settings:
[2025.02.04-03.27.07:443][  0]LogAudioMixer: Display: 	Sample Rate:						  48000
[2025.02.04-03.27.07:443][  0]LogAudioMixer: Display: 	Callback Buffer Frame Size Requested: 1024
[2025.02.04-03.27.07:443][  0]LogAudioMixer: Display: 	Callback Buffer Frame Size To Use:	  1024
[2025.02.04-03.27.07:443][  0]LogAudioMixer: Display: 	Number of buffers to queue:			  2
[2025.02.04-03.27.07:443][  0]LogAudioMixer: Display: 	Max Channels (voices):				  32
[2025.02.04-03.27.07:443][  0]LogAudioMixer: Display: 	Number of Async Source Workers:		  0
[2025.02.04-03.27.07:443][  0]LogAudio: Display: AudioDevice MaxSources: 32
[2025.02.04-03.27.07:447][  0]LogAudio: Display: Audio Spatialization Plugin: None (built-in).
[2025.02.04-03.27.07:447][  0]LogAudio: Display: Audio Reverb Plugin: None (built-in).
[2025.02.04-03.27.07:447][  0]LogAudio: Display: Audio Occlusion Plugin: None (built-in).
[2025.02.04-03.27.07:447][  0]LogAudioMixer: Display: Initializing audio mixer.
[2025.02.04-03.27.07:476][  0]LogAudioMixer: Display: 0: FrontLeft
[2025.02.04-03.27.07:476][  0]LogAudioMixer: Display: 1: FrontRight
[2025.02.04-03.27.07:512][  0]LogAudioMixer: Display: Using Audio Device Speakers (Realtek(R) Audio)
[2025.02.04-03.27.07:523][  0]LogAudioMixer: Display: Initializing Sound Submixes...
[2025.02.04-03.27.07:526][  0]LogAudioMixer: Display: Creating Master Submix 'MasterSubmixDefault'
[2025.02.04-03.27.07:526][  0]LogAudioMixer: Display: Creating Master Submix 'MasterReverbSubmixDefault'
[2025.02.04-03.27.07:530][  0]LogAudioMixer: Display: Creating Master Submix 'MasterEQSubmixDefault'
[2025.02.04-03.27.07:531][  0]LogAudioMixer: FMixerPlatformXAudio2::StartAudioStream() called
[2025.02.04-03.27.07:531][  0]LogAudioMixer: Display: Output buffers initialized: Frames=1024, Channels=2, Samples=2048
[2025.02.04-03.27.07:533][  0]LogAudioMixer: Display: Starting AudioMixerPlatformInterface::RunInternal()
[2025.02.04-03.27.07:533][  0]LogAudioMixer: Display: FMixerPlatformXAudio2::SubmitBuffer() called for the first time
[2025.02.04-03.27.07:533][  0]LogInit: FAudioDevice initialized.
[2025.02.04-03.27.07:538][  0]LogAudio: Display: Audio Device (ID: 1) registered with world 'Untitled'.
[2025.02.04-03.27.07:539][  0]LogNetVersion: Set ProjectVersion to 1.0.0.0. Version Checksum will be recalculated on next use.
[2025.02.04-03.27.07:640][  0]LogDerivedDataCache: Saved boot cache 0.10s 94MB C:/Users/Griff/AppData/Local/UnrealEngine/4.27/DerivedDataCache/Boot.ddc.
[2025.02.04-03.27.07:642][  0]LogInit: Texture streaming: Enabled
[2025.02.04-03.27.07:845][  0]LogAnalytics: Display: [UEEditor.Rocket.Release] APIServer = https://datarouter.ol.epicgames.com/. AppVersion = 4.27.2-18319896+++UE4+Release-4.27
[2025.02.04-03.27.07:909][  0]LogEngineSessionManager: EngineSessionManager initialized
[2025.02.04-03.27.07:914][  0]LogEditorSessionSummary: Verbose: Initializing EditorSessionSummaryWriter for editor session tracking
[2025.02.04-03.27.07:925][  0]LogEditorSessionSummary: EditorSessionSummaryWriter initialized
[2025.02.04-03.27.08:028][  0]LogInit: Transaction tracking system initialized
[2025.02.04-03.27.08:084][  0]BlueprintLog: New page: Editor Load
[2025.02.04-03.27.08:280][  0]LocalizationService: Localization service is disabled
[2025.02.04-03.27.08:356][  0]TimingProfiler: Initialize
[2025.02.04-03.27.08:358][  0]TimingProfiler: OnSessionChanged
[2025.02.04-03.27.08:359][  0]LoadingProfiler: Initialize
[2025.02.04-03.27.08:359][  0]LoadingProfiler: OnSessionChanged
[2025.02.04-03.27.08:360][  0]NetworkingProfiler: Initialize
[2025.02.04-03.27.08:360][  0]NetworkingProfiler: OnSessionChanged
[2025.02.04-03.27.08:360][  0]MemoryProfiler: Initialize
[2025.02.04-03.27.08:360][  0]MemoryProfiler: OnSessionChanged
[2025.02.04-03.27.08:667][  0]LogFileCache: Scanning file cache for directory 'C:/Users/Griff/OneDrive/Documents/GitHub/hellsrc/ProjectHellInsurance/Content/' took 0.00s
[2025.02.04-03.27.08:667][  0]LogCook: Display: CookSettings for Memory: MemoryMaxUsedVirtual 0MiB, MemoryMaxUsedPhysical 16384MiB, MemoryMinFreeVirtual 0MiB, MemoryMinFreePhysical 1024MiB
[2025.02.04-03.27.08:667][  0]LogCook: Display: Mobile HDR setting 1
[2025.02.04-03.27.09:362][  0]LogInit: Display: Engine is initialized. Leaving FEngineLoop::Init()
[2025.02.04-03.27.09:382][  0]SourceControl: Source control is disabled
[2025.02.04-03.27.09:382][  0]LogUnrealEdMisc: Loading editor; pre map load, took 14.267
[2025.02.04-03.27.09:393][  0]LogFactory: FactoryCreateFile: PackFactory with PackFactory (0 0 C:/Program Files/Epic Games/UE_4.27/FeaturePacks/StarterContent.upack)
[2025.02.04-03.27.09:395][  0]LogPakFile: PakFile PrimaryIndexSize=185
[2025.02.04-03.27.09:395][  0]LogPakFile: PakFile PathHashIndexSize=101
[2025.02.04-03.27.09:395][  0]LogPakFile: PakFile FullDirectoryIndexSize=148
[2025.02.04-03.27.09:407][  0]LogPackFactory: Finished extracting 8 files (including 0 errors).
[2025.02.04-03.27.09:409][  0]LogPackFactory: Copied "../../../Samples/StarterContent/Content/StarterContent/Architecture/Floor_400x400.uasset" to "../../../../../../Users/Griff/OneDrive/Documents/GitHub/hellsrc/ProjectHellInsurance/Content/StarterContent/Architecture/Floor_400x400.uasset"
[2025.02.04-03.27.09:411][  0]LogPackFactory: Copied "../../../Samples/StarterContent/Content/StarterContent/Architecture/Pillar_50x500.uasset" to "../../../../../../Users/Griff/OneDrive/Documents/GitHub/hellsrc/ProjectHellInsurance/Content/StarterContent/Architecture/Pillar_50x500.uasset"
[2025.02.04-03.27.09:421][  0]LogPackFactory: Copied "../../../Samples/StarterContent/Content/StarterContent/Architecture/SM_AssetPlatform.uasset" to "../../../../../../Users/Griff/OneDrive/Documents/GitHub/hellsrc/ProjectHellInsurance/Content/StarterContent/Architecture/SM_AssetPlatform.uasset"
[2025.02.04-03.27.09:423][  0]LogPackFactory: Copied "../../../Samples/StarterContent/Content/StarterContent/Architecture/Wall_400x200.uasset" to "../../../../../../Users/Griff/OneDrive/Documents/GitHub/hellsrc/ProjectHellInsurance/Content/StarterContent/Architecture/Wall_400x200.uasset"
[2025.02.04-03.27.09:424][  0]LogPackFactory: Copied "../../../Samples/StarterContent/Content/StarterContent/Architecture/Wall_400x300.uasset" to "../../../../../../Users/Griff/OneDrive/Documents/GitHub/hellsrc/ProjectHellInsurance/Content/StarterContent/Architecture/Wall_400x300.uasset"
[2025.02.04-03.27.09:425][  0]LogPackFactory: Copied "../../../Samples/StarterContent/Content/StarterContent/Architecture/Wall_400x400.uasset" to "../../../../../../Users/Griff/OneDrive/Documents/GitHub/hellsrc/ProjectHellInsurance/Content/StarterContent/Architecture/Wall_400x400.uasset"
[2025.02.04-03.27.09:426][  0]LogPackFactory: Copied "../../../Samples/StarterContent/Content/StarterContent/Architecture/Wall_500x500.uasset" to "../../../../../../Users/Griff/OneDrive/Documents/GitHub/hellsrc/ProjectHellInsurance/Content/StarterContent/Architecture/Wall_500x500.uasset"
[2025.02.04-03.27.09:427][  0]LogPackFactory: Copied "../../../Samples/StarterContent/Content/StarterContent/Architecture/Wall_Door_400x300.uasset" to "../../../../../../Users/Griff/OneDrive/Documents/GitHub/hellsrc/ProjectHellInsurance/Content/StarterContent/Architecture/Wall_Door_400x300.uasset"
[2025.02.04-03.27.09:429][  0]LogPackFactory: Copied "../../../Samples/StarterContent/Content/StarterContent/Architecture/Wall_Door_400x400.uasset" to "../../../../../../Users/Griff/OneDrive/Documents/GitHub/hellsrc/ProjectHellInsurance/Content/StarterContent/Architecture/Wall_Door_400x400.uasset"
[2025.02.04-03.27.09:431][  0]LogPackFactory: Copied "../../../Samples/StarterContent/Content/StarterContent/Architecture/Wall_Window_400x300.uasset" to "../../../../../../Users/Griff/OneDrive/Documents/GitHub/hellsrc/ProjectHellInsurance/Content/StarterContent/Architecture/Wall_Window_400x300.uasset"
[2025.02.04-03.27.09:432][  0]LogPackFactory: Copied "../../../Samples/StarterContent/Content/StarterContent/Architecture/Wall_Window_400x400.uasset" to "../../../../../../Users/Griff/OneDrive/Documents/GitHub/hellsrc/ProjectHellInsurance/Content/StarterContent/Architecture/Wall_Window_400x400.uasset"
[2025.02.04-03.27.09:436][  0]LogPackFactory: Copied "../../../Samples/StarterContent/Content/StarterContent/Audio/Collapse01.uasset" to "../../../../../../Users/Griff/OneDrive/Documents/GitHub/hellsrc/ProjectHellInsurance/Content/StarterContent/Audio/Collapse01.uasset"
[2025.02.04-03.27.09:439][  0]LogPackFactory: Copied "../../../Samples/StarterContent/Content/StarterContent/Audio/Collapse02.uasset" to "../../../../../../Users/Griff/OneDrive/Documents/GitHub/hellsrc/ProjectHellInsurance/Content/StarterContent/Audio/Collapse02.uasset"
[2025.02.04-03.27.09:441][  0]LogPackFactory: Copied "../../../Samples/StarterContent/Content/StarterContent/Audio/Collapse_Cue.uasset" to "../../../../../../Users/Griff/OneDrive/Documents/GitHub/hellsrc/ProjectHellInsurance/Content/StarterContent/Audio/Collapse_Cue.uasset"
[2025.02.04-03.27.09:444][  0]LogPackFactory: Copied "../../../Samples/StarterContent/Content/StarterContent/Audio/Explosion01.uasset" to "../../../../../../Users/Griff/OneDrive/Documents/GitHub/hellsrc/ProjectHellInsurance/Content/StarterContent/Audio/Explosion01.uasset"
[2025.02.04-03.27.09:451][  0]LogPackFactory: Copied "../../../Samples/StarterContent/Content/StarterContent/Audio/Explosion02.uasset" to "../../../../../../Users/Griff/OneDrive/Documents/GitHub/hellsrc/ProjectHellInsurance/Content/StarterContent/Audio/Explosion02.uasset"
[2025.02.04-03.27.09:452][  0]LogPackFactory: Copied "../../../Samples/StarterContent/Content/StarterContent/Audio/Explosion_Cue.uasset" to "../../../../../../Users/Griff/OneDrive/Documents/GitHub/hellsrc/ProjectHellInsurance/Content/StarterContent/Audio/Explosion_Cue.uasset"
[2025.02.04-03.27.09:457][  0]LogPackFactory: Copied "../../../Samples/StarterContent/Content/StarterContent/Audio/Fire01.uasset" to "../../../../../../Users/Griff/OneDrive/Documents/GitHub/hellsrc/ProjectHellInsurance/Content/StarterContent/Audio/Fire01.uasset"
[2025.02.04-03.27.09:458][  0]LogPackFactory: Copied "../../../Samples/StarterContent/Content/StarterContent/Audio/Fire01_Cue.uasset" to "../../../../../../Users/Griff/OneDrive/Documents/GitHub/hellsrc/ProjectHellInsurance/Content/StarterContent/Audio/Fire01_Cue.uasset"
[2025.02.04-03.27.09:461][  0]LogPackFactory: Copied "../../../Samples/StarterContent/Content/StarterContent/Audio/Fire_Sparks01.uasset" to "../../../../../../Users/Griff/OneDrive/Documents/GitHub/hellsrc/ProjectHellInsurance/Content/StarterContent/Audio/Fire_Sparks01.uasset"
[2025.02.04-03.27.09:462][  0]LogPackFactory: Copied "../../../Samples/StarterContent/Content/StarterContent/Audio/Fire_Sparks01_Cue.uasset" to "../../../../../../Users/Griff/OneDrive/Documents/GitHub/hellsrc/ProjectHellInsurance/Content/StarterContent/Audio/Fire_Sparks01_Cue.uasset"
[2025.02.04-03.27.09:468][  0]LogPackFactory: Copied "../../../Samples/StarterContent/Content/StarterContent/Audio/Light01.uasset" to "../../../../../../Users/Griff/OneDrive/Documents/GitHub/hellsrc/ProjectHellInsurance/Content/StarterContent/Audio/Light01.uasset"
[2025.02.04-03.27.09:469][  0]LogPackFactory: Copied "../../../Samples/StarterContent/Content/StarterContent/Audio/Light01_Cue.uasset" to "../../../../../../Users/Griff/OneDrive/Documents/GitHub/hellsrc/ProjectHellInsurance/Content/StarterContent/Audio/Light01_Cue.uasset"
[2025.02.04-03.27.09:471][  0]LogPackFactory: Copied "../../../Samples/StarterContent/Content/StarterContent/Audio/Light02.uasset" to "../../../../../../Users/Griff/OneDrive/Documents/GitHub/hellsrc/ProjectHellInsurance/Content/StarterContent/Audio/Light02.uasset"
[2025.02.04-03.27.09:473][  0]LogPackFactory: Copied "../../../Samples/StarterContent/Content/StarterContent/Audio/Light02_Cue.uasset" to "../../../../../../Users/Griff/OneDrive/Documents/GitHub/hellsrc/ProjectHellInsurance/Content/StarterContent/Audio/Light02_Cue.uasset"
[2025.02.04-03.27.09:476][  0]LogPackFactory: Copied "../../../Samples/StarterContent/Content/StarterContent/Audio/Smoke01.uasset" to "../../../../../../Users/Griff/OneDrive/Documents/GitHub/hellsrc/ProjectHellInsurance/Content/StarterContent/Audio/Smoke01.uasset"
[2025.02.04-03.27.09:478][  0]LogPackFactory: Copied "../../../Samples/StarterContent/Content/StarterContent/Audio/Smoke01_Cue.uasset" to "../../../../../../Users/Griff/OneDrive/Documents/GitHub/hellsrc/ProjectHellInsurance/Content/StarterContent/Audio/Smoke01_Cue.uasset"
[2025.02.04-03.27.09:480][  0]LogPackFactory: Copied "../../../Samples/StarterContent/Content/StarterContent/Audio/Starter_Background_Cue.uasset" to "../../../../../../Users/Griff/OneDrive/Documents/GitHub/hellsrc/ProjectHellInsurance/Content/StarterContent/Audio/Starter_Background_Cue.uasset"
[2025.02.04-03.27.09:496][  0]LogPackFactory: Copied "../../../Samples/StarterContent/Content/StarterContent/Audio/Starter_Birds01.uasset" to "../../../../../../Users/Griff/OneDrive/Documents/GitHub/hellsrc/ProjectHellInsurance/Content/StarterContent/Audio/Starter_Birds01.uasset"
[2025.02.04-03.27.09:509][  0]LogPackFactory: Copied "../../../Samples/StarterContent/Content/StarterContent/Audio/Starter_Music01.uasset" to "../../../../../../Users/Griff/OneDrive/Documents/GitHub/hellsrc/ProjectHellInsurance/Content/StarterContent/Audio/Starter_Music01.uasset"
[2025.02.04-03.27.09:511][  0]LogPackFactory: Copied "../../../Samples/StarterContent/Content/StarterContent/Audio/Starter_Music_Cue.uasset" to "../../../../../../Users/Griff/OneDrive/Documents/GitHub/hellsrc/ProjectHellInsurance/Content/StarterContent/Audio/Starter_Music_Cue.uasset"
[2025.02.04-03.27.09:516][  0]LogPackFactory: Copied "../../../Samples/StarterContent/Content/StarterContent/Audio/Starter_Wind05.uasset" to "../../../../../../Users/Griff/OneDrive/Documents/GitHub/hellsrc/ProjectHellInsurance/Content/StarterContent/Audio/Starter_Wind05.uasset"
[2025.02.04-03.27.09:531][  0]LogPackFactory: Copied "../../../Samples/StarterContent/Content/StarterContent/Audio/Starter_Wind06.uasset" to "../../../../../../Users/Griff/OneDrive/Documents/GitHub/hellsrc/ProjectHellInsurance/Content/StarterContent/Audio/Starter_Wind06.uasset"
[2025.02.04-03.27.09:533][  0]LogPackFactory: Copied "../../../Samples/StarterContent/Content/StarterContent/Audio/Steam01.uasset" to "../../../../../../Users/Griff/OneDrive/Documents/GitHub/hellsrc/ProjectHellInsurance/Content/StarterContent/Audio/Steam01.uasset"
[2025.02.04-03.27.09:534][  0]LogPackFactory: Copied "../../../Samples/StarterContent/Content/StarterContent/Audio/Steam01_Cue.uasset" to "../../../../../../Users/Griff/OneDrive/Documents/GitHub/hellsrc/ProjectHellInsurance/Content/StarterContent/Audio/Steam01_Cue.uasset"
[2025.02.04-03.27.09:536][  0]LogPackFactory: Copied "../../../Samples/StarterContent/Content/StarterContent/Blueprints/Blueprint_CeilingLight.uasset" to "../../../../../../Users/Griff/OneDrive/Documents/GitHub/hellsrc/ProjectHellInsurance/Content/StarterContent/Blueprints/Blueprint_CeilingLight.uasset"
[2025.02.04-03.27.09:537][  0]LogPackFactory: Copied "../../../Samples/StarterContent/Content/StarterContent/Blueprints/Blueprint_Effect_Explosion.uasset" to "../../../../../../Users/Griff/OneDrive/Documents/GitHub/hellsrc/ProjectHellInsurance/Content/StarterContent/Blueprints/Blueprint_Effect_Explosion.uasset"
[2025.02.04-03.27.09:538][  0]LogPackFactory: Copied "../../../Samples/StarterContent/Content/StarterContent/Blueprints/Blueprint_Effect_Fire.uasset" to "../../../../../../Users/Griff/OneDrive/Documents/GitHub/hellsrc/ProjectHellInsurance/Content/StarterContent/Blueprints/Blueprint_Effect_Fire.uasset"
[2025.02.04-03.27.09:539][  0]LogPackFactory: Copied "../../../Samples/StarterContent/Content/StarterContent/Blueprints/Blueprint_Effect_Smoke.uasset" to "../../../../../../Users/Griff/OneDrive/Documents/GitHub/hellsrc/ProjectHellInsurance/Content/StarterContent/Blueprints/Blueprint_Effect_Smoke.uasset"
[2025.02.04-03.27.09:540][  0]LogPackFactory: Copied "../../../Samples/StarterContent/Content/StarterContent/Blueprints/Blueprint_Effect_Sparks.uasset" to "../../../../../../Users/Griff/OneDrive/Documents/GitHub/hellsrc/ProjectHellInsurance/Content/StarterContent/Blueprints/Blueprint_Effect_Sparks.uasset"
[2025.02.04-03.27.09:541][  0]LogPackFactory: Copied "../../../Samples/StarterContent/Content/StarterContent/Blueprints/Blueprint_Effect_Steam.uasset" to "../../../../../../Users/Griff/OneDrive/Documents/GitHub/hellsrc/ProjectHellInsurance/Content/StarterContent/Blueprints/Blueprint_Effect_Steam.uasset"
[2025.02.04-03.27.09:544][  0]LogPackFactory: Copied "../../../Samples/StarterContent/Content/StarterContent/Blueprints/Blueprint_WallSconce.uasset" to "../../../../../../Users/Griff/OneDrive/Documents/GitHub/hellsrc/ProjectHellInsurance/Content/StarterContent/Blueprints/Blueprint_WallSconce.uasset"
[2025.02.04-03.27.09:546][  0]LogPackFactory: Copied "../../../Samples/StarterContent/Content/StarterContent/Blueprints/BP_LightStudio.uasset" to "../../../../../../Users/Griff/OneDrive/Documents/GitHub/hellsrc/ProjectHellInsurance/Content/StarterContent/Blueprints/BP_LightStudio.uasset"
[2025.02.04-03.27.09:547][  0]LogPackFactory: Copied "../../../Samples/StarterContent/Content/StarterContent/Blueprints/Assets/FogBrightnessLUT.uasset" to "../../../../../../Users/Griff/OneDrive/Documents/GitHub/hellsrc/ProjectHellInsurance/Content/StarterContent/Blueprints/Assets/FogBrightnessLUT.uasset"
[2025.02.04-03.27.09:548][  0]LogPackFactory: Copied "../../../Samples/StarterContent/Content/StarterContent/Blueprints/Assets/M_LightStage_Arrows.uasset" to "../../../../../../Users/Griff/OneDrive/Documents/GitHub/hellsrc/ProjectHellInsurance/Content/StarterContent/Blueprints/Assets/M_LightStage_Arrows.uasset"
[2025.02.04-03.27.09:550][  0]LogPackFactory: Copied "../../../Samples/StarterContent/Content/StarterContent/Blueprints/Assets/M_LightStage_Skybox_Black.uasset" to "../../../../../../Users/Griff/OneDrive/Documents/GitHub/hellsrc/ProjectHellInsurance/Content/StarterContent/Blueprints/Assets/M_LightStage_Skybox_Black.uasset"
[2025.02.04-03.27.09:557][  0]LogPackFactory: Copied "../../../Samples/StarterContent/Content/StarterContent/Blueprints/Assets/M_LightStage_Skybox_HDRI.uasset" to "../../../../../../Users/Griff/OneDrive/Documents/GitHub/hellsrc/ProjectHellInsurance/Content/StarterContent/Blueprints/Assets/M_LightStage_Skybox_HDRI.uasset"
[2025.02.04-03.27.09:559][  0]LogPackFactory: Copied "../../../Samples/StarterContent/Content/StarterContent/Blueprints/Assets/M_LightStage_Skybox_Master.uasset" to "../../../../../../Users/Griff/OneDrive/Documents/GitHub/hellsrc/ProjectHellInsurance/Content/StarterContent/Blueprints/Assets/M_LightStage_Skybox_Master.uasset"
[2025.02.04-03.27.09:563][  0]LogPackFactory: Copied "../../../Samples/StarterContent/Content/StarterContent/Blueprints/Assets/Skybox.uasset" to "../../../../../../Users/Griff/OneDrive/Documents/GitHub/hellsrc/ProjectHellInsurance/Content/StarterContent/Blueprints/Assets/Skybox.uasset"
[2025.02.04-03.27.09:566][  0]LogPackFactory: Copied "../../../Samples/StarterContent/Content/StarterContent/Blueprints/Assets/SM_Arrows.uasset" to "../../../../../../Users/Griff/OneDrive/Documents/GitHub/hellsrc/ProjectHellInsurance/Content/StarterContent/Blueprints/Assets/SM_Arrows.uasset"
[2025.02.04-03.27.09:567][  0]LogPackFactory: Copied "../../../Samples/StarterContent/Content/StarterContent/Blueprints/Assets/SunlightColorLUT.uasset" to "../../../../../../Users/Griff/OneDrive/Documents/GitHub/hellsrc/ProjectHellInsurance/Content/StarterContent/Blueprints/Assets/SunlightColorLUT.uasset"
[2025.02.04-03.27.09:633][  0]LogPackFactory: Copied "../../../Samples/StarterContent/Content/StarterContent/HDRI/HDRI_Epic_Courtyard_Daylight.uasset" to "../../../../../../Users/Griff/OneDrive/Documents/GitHub/hellsrc/ProjectHellInsurance/Content/StarterContent/HDRI/HDRI_Epic_Courtyard_Daylight.uasset"
[2025.02.04-03.27.09:636][  0]LogPackFactory: Copied "../../../Samples/StarterContent/Content/StarterContent/Maps/Advanced_Lighting.umap" to "../../../../../../Users/Griff/OneDrive/Documents/GitHub/hellsrc/ProjectHellInsurance/Content/StarterContent/Maps/Advanced_Lighting.umap"
[2025.02.04-03.27.09:639][  0]LogPackFactory: Copied "../../../Samples/StarterContent/Content/StarterContent/Maps/Advanced_Lighting_BuiltData.uasset" to "../../../../../../Users/Griff/OneDrive/Documents/GitHub/hellsrc/ProjectHellInsurance/Content/StarterContent/Maps/Advanced_Lighting_BuiltData.uasset"
[2025.02.04-03.27.09:641][  0]LogPackFactory: Copied "../../../Samples/StarterContent/Content/StarterContent/Maps/Minimal_Default.umap" to "../../../../../../Users/Griff/OneDrive/Documents/GitHub/hellsrc/ProjectHellInsurance/Content/StarterContent/Maps/Minimal_Default.umap"
[2025.02.04-03.27.09:647][  0]LogPackFactory: Copied "../../../Samples/StarterContent/Content/StarterContent/Maps/Minimal_Default_BuiltData.uasset" to "../../../../../../Users/Griff/OneDrive/Documents/GitHub/hellsrc/ProjectHellInsurance/Content/StarterContent/Maps/Minimal_Default_BuiltData.uasset"
[2025.02.04-03.27.09:651][  0]LogPackFactory: Copied "../../../Samples/StarterContent/Content/StarterContent/Maps/StarterMap.umap" to "../../../../../../Users/Griff/OneDrive/Documents/GitHub/hellsrc/ProjectHellInsurance/Content/StarterContent/Maps/StarterMap.umap"
[2025.02.04-03.27.09:782][  0]LogPackFactory: Copied "../../../Samples/StarterContent/Content/StarterContent/Maps/StarterMap_BuiltData.uasset" to "../../../../../../Users/Griff/OneDrive/Documents/GitHub/hellsrc/ProjectHellInsurance/Content/StarterContent/Maps/StarterMap_BuiltData.uasset"
[2025.02.04-03.27.09:791][  0]LogPackFactory: Copied "../../../Samples/StarterContent/Content/StarterContent/Materials/M_AssetPlatform.uasset" to "../../../../../../Users/Griff/OneDrive/Documents/GitHub/hellsrc/ProjectHellInsurance/Content/StarterContent/Materials/M_AssetPlatform.uasset"
[2025.02.04-03.27.09:802][  0]LogPackFactory: Copied "../../../Samples/StarterContent/Content/StarterContent/Materials/M_Basic_Floor.uasset" to "../../../../../../Users/Griff/OneDrive/Documents/GitHub/hellsrc/ProjectHellInsurance/Content/StarterContent/Materials/M_Basic_Floor.uasset"
[2025.02.04-03.27.09:820][  0]LogPackFactory: Copied "../../../Samples/StarterContent/Content/StarterContent/Materials/M_Basic_Wall.uasset" to "../../../../../../Users/Griff/OneDrive/Documents/GitHub/hellsrc/ProjectHellInsurance/Content/StarterContent/Materials/M_Basic_Wall.uasset"
[2025.02.04-03.27.09:833][  0]LogPackFactory: Copied "../../../Samples/StarterContent/Content/StarterContent/Materials/M_Brick_Clay_Beveled.uasset" to "../../../../../../Users/Griff/OneDrive/Documents/GitHub/hellsrc/ProjectHellInsurance/Content/StarterContent/Materials/M_Brick_Clay_Beveled.uasset"
[2025.02.04-03.27.09:840][  0]LogPackFactory: Copied "../../../Samples/StarterContent/Content/StarterContent/Materials/M_Brick_Clay_New.uasset" to "../../../../../../Users/Griff/OneDrive/Documents/GitHub/hellsrc/ProjectHellInsurance/Content/StarterContent/Materials/M_Brick_Clay_New.uasset"
[2025.02.04-03.27.09:849][  0]LogPackFactory: Copied "../../../Samples/StarterContent/Content/StarterContent/Materials/M_Brick_Clay_Old.uasset" to "../../../../../../Users/Griff/OneDrive/Documents/GitHub/hellsrc/ProjectHellInsurance/Content/StarterContent/Materials/M_Brick_Clay_Old.uasset"
[2025.02.04-03.27.09:859][  0]LogPackFactory: Copied "../../../Samples/StarterContent/Content/StarterContent/Materials/M_Brick_Cut_Stone.uasset" to "../../../../../../Users/Griff/OneDrive/Documents/GitHub/hellsrc/ProjectHellInsurance/Content/StarterContent/Materials/M_Brick_Cut_Stone.uasset"
[2025.02.04-03.27.09:869][  0]LogPackFactory: Copied "../../../Samples/StarterContent/Content/StarterContent/Materials/M_Brick_Hewn_Stone.uasset" to "../../../../../../Users/Griff/OneDrive/Documents/GitHub/hellsrc/ProjectHellInsurance/Content/StarterContent/Materials/M_Brick_Hewn_Stone.uasset"
[2025.02.04-03.27.09:904][  0]LogPackFactory: Copied "../../../Samples/StarterContent/Content/StarterContent/Materials/M_Ceramic_Tile_Checker.uasset" to "../../../../../../Users/Griff/OneDrive/Documents/GitHub/hellsrc/ProjectHellInsurance/Content/StarterContent/Materials/M_Ceramic_Tile_Checker.uasset"
[2025.02.04-03.27.09:912][  0]LogPackFactory: Copied "../../../Samples/StarterContent/Content/StarterContent/Materials/M_CobbleStone_Pebble.uasset" to "../../../../../../Users/Griff/OneDrive/Documents/GitHub/hellsrc/ProjectHellInsurance/Content/StarterContent/Materials/M_CobbleStone_Pebble.uasset"
[2025.02.04-03.27.09:922][  0]LogPackFactory: Copied "../../../Samples/StarterContent/Content/StarterContent/Materials/M_CobbleStone_Rough.uasset" to "../../../../../../Users/Griff/OneDrive/Documents/GitHub/hellsrc/ProjectHellInsurance/Content/StarterContent/Materials/M_CobbleStone_Rough.uasset"
[2025.02.04-03.27.09:928][  0]LogPackFactory: Copied "../../../Samples/StarterContent/Content/StarterContent/Materials/M_CobbleStone_Smooth.uasset" to "../../../../../../Users/Griff/OneDrive/Documents/GitHub/hellsrc/ProjectHellInsurance/Content/StarterContent/Materials/M_CobbleStone_Smooth.uasset"
[2025.02.04-03.27.09:936][  0]LogPackFactory: Copied "../../../Samples/StarterContent/Content/StarterContent/Materials/M_ColorGrid_LowSpec.uasset" to "../../../../../../Users/Griff/OneDrive/Documents/GitHub/hellsrc/ProjectHellInsurance/Content/StarterContent/Materials/M_ColorGrid_LowSpec.uasset"
[2025.02.04-03.27.09:946][  0]LogPackFactory: Copied "../../../Samples/StarterContent/Content/StarterContent/Materials/M_Concrete_Grime.uasset" to "../../../../../../Users/Griff/OneDrive/Documents/GitHub/hellsrc/ProjectHellInsurance/Content/StarterContent/Materials/M_Concrete_Grime.uasset"
[2025.02.04-03.27.09:953][  0]LogPackFactory: Copied "../../../Samples/StarterContent/Content/StarterContent/Materials/M_Concrete_Panels.uasset" to "../../../../../../Users/Griff/OneDrive/Documents/GitHub/hellsrc/ProjectHellInsurance/Content/StarterContent/Materials/M_Concrete_Panels.uasset"
[2025.02.04-03.27.09:959][  0]LogPackFactory: Copied "../../../Samples/StarterContent/Content/StarterContent/Materials/M_Concrete_Poured.uasset" to "../../../../../../Users/Griff/OneDrive/Documents/GitHub/hellsrc/ProjectHellInsurance/Content/StarterContent/Materials/M_Concrete_Poured.uasset"
[2025.02.04-03.27.09:983][  0]LogPackFactory: Copied "../../../Samples/StarterContent/Content/StarterContent/Materials/M_Concrete_Tiles.uasset" to "../../../../../../Users/Griff/OneDrive/Documents/GitHub/hellsrc/ProjectHellInsurance/Content/StarterContent/Materials/M_Concrete_Tiles.uasset"
[2025.02.04-03.27.09:989][  0]LogPackFactory: Copied "../../../Samples/StarterContent/Content/StarterContent/Materials/M_Glass.uasset" to "../../../../../../Users/Griff/OneDrive/Documents/GitHub/hellsrc/ProjectHellInsurance/Content/StarterContent/Materials/M_Glass.uasset"
[2025.02.04-03.27.10:000][  0]LogPackFactory: Copied "../../../Samples/StarterContent/Content/StarterContent/Materials/M_Ground_Grass.uasset" to "../../../../../../Users/Griff/OneDrive/Documents/GitHub/hellsrc/ProjectHellInsurance/Content/StarterContent/Materials/M_Ground_Grass.uasset"
[2025.02.04-03.27.10:011][  0]LogPackFactory: Copied "../../../Samples/StarterContent/Content/StarterContent/Materials/M_Ground_Gravel.uasset" to "../../../../../../Users/Griff/OneDrive/Documents/GitHub/hellsrc/ProjectHellInsurance/Content/StarterContent/Materials/M_Ground_Gravel.uasset"
[2025.02.04-03.27.10:023][  0]LogPackFactory: Copied "../../../Samples/StarterContent/Content/StarterContent/Materials/M_Ground_Moss.uasset" to "../../../../../../Users/Griff/OneDrive/Documents/GitHub/hellsrc/ProjectHellInsurance/Content/StarterContent/Materials/M_Ground_Moss.uasset"
[2025.02.04-03.27.10:032][  0]LogPackFactory: Copied "../../../Samples/StarterContent/Content/StarterContent/Materials/M_Metal_Brushed_Nickel.uasset" to "../../../../../../Users/Griff/OneDrive/Documents/GitHub/hellsrc/ProjectHellInsurance/Content/StarterContent/Materials/M_Metal_Brushed_Nickel.uasset"
[2025.02.04-03.27.10:040][  0]LogPackFactory: Copied "../../../Samples/StarterContent/Content/StarterContent/Materials/M_Metal_Burnished_Steel.uasset" to "../../../../../../Users/Griff/OneDrive/Documents/GitHub/hellsrc/ProjectHellInsurance/Content/StarterContent/Materials/M_Metal_Burnished_Steel.uasset"
[2025.02.04-03.27.10:048][  0]LogPackFactory: Copied "../../../Samples/StarterContent/Content/StarterContent/Materials/M_Metal_Chrome.uasset" to "../../../../../../Users/Griff/OneDrive/Documents/GitHub/hellsrc/ProjectHellInsurance/Content/StarterContent/Materials/M_Metal_Chrome.uasset"
[2025.02.04-03.27.10:056][  0]LogPackFactory: Copied "../../../Samples/StarterContent/Content/StarterContent/Materials/M_Metal_Copper.uasset" to "../../../../../../Users/Griff/OneDrive/Documents/GitHub/hellsrc/ProjectHellInsurance/Content/StarterContent/Materials/M_Metal_Copper.uasset"
[2025.02.04-03.27.10:081][  0]LogPackFactory: Copied "../../../Samples/StarterContent/Content/StarterContent/Materials/M_Metal_Gold.uasset" to "../../../../../../Users/Griff/OneDrive/Documents/GitHub/hellsrc/ProjectHellInsurance/Content/StarterContent/Materials/M_Metal_Gold.uasset"
[2025.02.04-03.27.10:087][  0]LogPackFactory: Copied "../../../Samples/StarterContent/Content/StarterContent/Materials/M_Metal_Rust.uasset" to "../../../../../../Users/Griff/OneDrive/Documents/GitHub/hellsrc/ProjectHellInsurance/Content/StarterContent/Materials/M_Metal_Rust.uasset"
[2025.02.04-03.27.10:098][  0]LogPackFactory: Copied "../../../Samples/StarterContent/Content/StarterContent/Materials/M_Metal_Steel.uasset" to "../../../../../../Users/Griff/OneDrive/Documents/GitHub/hellsrc/ProjectHellInsurance/Content/StarterContent/Materials/M_Metal_Steel.uasset"
[2025.02.04-03.27.10:105][  0]LogPackFactory: Copied "../../../Samples/StarterContent/Content/StarterContent/Materials/M_Rock_Basalt.uasset" to "../../../../../../Users/Griff/OneDrive/Documents/GitHub/hellsrc/ProjectHellInsurance/Content/StarterContent/Materials/M_Rock_Basalt.uasset"
[2025.02.04-03.27.10:113][  0]LogPackFactory: Copied "../../../Samples/StarterContent/Content/StarterContent/Materials/M_Rock_Marble_Polished.uasset" to "../../../../../../Users/Griff/OneDrive/Documents/GitHub/hellsrc/ProjectHellInsurance/Content/StarterContent/Materials/M_Rock_Marble_Polished.uasset"
[2025.02.04-03.27.10:121][  0]LogPackFactory: Copied "../../../Samples/StarterContent/Content/StarterContent/Materials/M_Rock_Sandstone.uasset" to "../../../../../../Users/Griff/OneDrive/Documents/GitHub/hellsrc/ProjectHellInsurance/Content/StarterContent/Materials/M_Rock_Sandstone.uasset"
[2025.02.04-03.27.10:125][  0]LogPackFactory: Copied "../../../Samples/StarterContent/Content/StarterContent/Materials/M_Rock_Slate.uasset" to "../../../../../../Users/Griff/OneDrive/Documents/GitHub/hellsrc/ProjectHellInsurance/Content/StarterContent/Materials/M_Rock_Slate.uasset"
[2025.02.04-03.27.10:128][  0]LogPackFactory: Copied "../../../Samples/StarterContent/Content/StarterContent/Materials/M_Tech_Checker_Dot.uasset" to "../../../../../../Users/Griff/OneDrive/Documents/GitHub/hellsrc/ProjectHellInsurance/Content/StarterContent/Materials/M_Tech_Checker_Dot.uasset"
[2025.02.04-03.27.10:138][  0]LogPackFactory: Copied "../../../Samples/StarterContent/Content/StarterContent/Materials/M_Tech_Hex_Tile.uasset" to "../../../../../../Users/Griff/OneDrive/Documents/GitHub/hellsrc/ProjectHellInsurance/Content/StarterContent/Materials/M_Tech_Hex_Tile.uasset"
[2025.02.04-03.27.10:143][  0]LogPackFactory: Copied "../../../Samples/StarterContent/Content/StarterContent/Materials/M_Tech_Hex_Tile_Pulse.uasset" to "../../../../../../Users/Griff/OneDrive/Documents/GitHub/hellsrc/ProjectHellInsurance/Content/StarterContent/Materials/M_Tech_Hex_Tile_Pulse.uasset"
[2025.02.04-03.27.10:147][  0]LogPackFactory: Copied "../../../Samples/StarterContent/Content/StarterContent/Materials/M_Tech_Panel.uasset" to "../../../../../../Users/Griff/OneDrive/Documents/GitHub/hellsrc/ProjectHellInsurance/Content/StarterContent/Materials/M_Tech_Panel.uasset"
[2025.02.04-03.27.10:157][  0]LogPackFactory: Copied "../../../Samples/StarterContent/Content/StarterContent/Materials/M_Water_Lake.uasset" to "../../../../../../Users/Griff/OneDrive/Documents/GitHub/hellsrc/ProjectHellInsurance/Content/StarterContent/Materials/M_Water_Lake.uasset"
[2025.02.04-03.27.10:158][  0]LogPackFactory: Copied "../../../Samples/StarterContent/Content/StarterContent/Materials/M_Water_Ocean.uasset" to "../../../../../../Users/Griff/OneDrive/Documents/GitHub/hellsrc/ProjectHellInsurance/Content/StarterContent/Materials/M_Water_Ocean.uasset"
[2025.02.04-03.27.10:161][  0]LogPackFactory: Copied "../../../Samples/StarterContent/Content/StarterContent/Materials/M_Wood_Floor_Walnut_Polished.uasset" to "../../../../../../Users/Griff/OneDrive/Documents/GitHub/hellsrc/ProjectHellInsurance/Content/StarterContent/Materials/M_Wood_Floor_Walnut_Polished.uasset"
[2025.02.04-03.27.10:162][  0]LogPackFactory: Copied "../../../Samples/StarterContent/Content/StarterContent/Materials/M_Wood_Floor_Walnut_Worn.uasset" to "../../../../../../Users/Griff/OneDrive/Documents/GitHub/hellsrc/ProjectHellInsurance/Content/StarterContent/Materials/M_Wood_Floor_Walnut_Worn.uasset"
[2025.02.04-03.27.10:165][  0]LogPackFactory: Copied "../../../Samples/StarterContent/Content/StarterContent/Materials/M_Wood_Oak.uasset" to "../../../../../../Users/Griff/OneDrive/Documents/GitHub/hellsrc/ProjectHellInsurance/Content/StarterContent/Materials/M_Wood_Oak.uasset"
[2025.02.04-03.27.10:167][  0]LogPackFactory: Copied "../../../Samples/StarterContent/Content/StarterContent/Materials/M_Wood_Pine.uasset" to "../../../../../../Users/Griff/OneDrive/Documents/GitHub/hellsrc/ProjectHellInsurance/Content/StarterContent/Materials/M_Wood_Pine.uasset"
[2025.02.04-03.27.10:169][  0]LogPackFactory: Copied "../../../Samples/StarterContent/Content/StarterContent/Materials/M_Wood_Walnut.uasset" to "../../../../../../Users/Griff/OneDrive/Documents/GitHub/hellsrc/ProjectHellInsurance/Content/StarterContent/Materials/M_Wood_Walnut.uasset"
[2025.02.04-03.27.10:170][  0]LogPackFactory: Copied "../../../Samples/StarterContent/Content/StarterContent/Particles/P_Ambient_Dust.uasset" to "../../../../../../Users/Griff/OneDrive/Documents/GitHub/hellsrc/ProjectHellInsurance/Content/StarterContent/Particles/P_Ambient_Dust.uasset"
[2025.02.04-03.27.10:171][  0]LogPackFactory: Copied "../../../Samples/StarterContent/Content/StarterContent/Particles/P_Explosion.uasset" to "../../../../../../Users/Griff/OneDrive/Documents/GitHub/hellsrc/ProjectHellInsurance/Content/StarterContent/Particles/P_Explosion.uasset"
[2025.02.04-03.27.10:173][  0]LogPackFactory: Copied "../../../Samples/StarterContent/Content/StarterContent/Particles/P_Fire.uasset" to "../../../../../../Users/Griff/OneDrive/Documents/GitHub/hellsrc/ProjectHellInsurance/Content/StarterContent/Particles/P_Fire.uasset"
[2025.02.04-03.27.10:175][  0]LogPackFactory: Copied "../../../Samples/StarterContent/Content/StarterContent/Particles/P_Smoke.uasset" to "../../../../../../Users/Griff/OneDrive/Documents/GitHub/hellsrc/ProjectHellInsurance/Content/StarterContent/Particles/P_Smoke.uasset"
[2025.02.04-03.27.10:176][  0]LogPackFactory: Copied "../../../Samples/StarterContent/Content/StarterContent/Particles/P_Sparks.uasset" to "../../../../../../Users/Griff/OneDrive/Documents/GitHub/hellsrc/ProjectHellInsurance/Content/StarterContent/Particles/P_Sparks.uasset"
[2025.02.04-03.27.10:177][  0]LogPackFactory: Copied "../../../Samples/StarterContent/Content/StarterContent/Particles/P_Steam_Lit.uasset" to "../../../../../../Users/Griff/OneDrive/Documents/GitHub/hellsrc/ProjectHellInsurance/Content/StarterContent/Particles/P_Steam_Lit.uasset"
[2025.02.04-03.27.10:178][  0]LogPackFactory: Copied "../../../Samples/StarterContent/Content/StarterContent/Particles/Materials/M_Burst.uasset" to "../../../../../../Users/Griff/OneDrive/Documents/GitHub/hellsrc/ProjectHellInsurance/Content/StarterContent/Particles/Materials/M_Burst.uasset"
[2025.02.04-03.27.10:180][  0]LogPackFactory: Copied "../../../Samples/StarterContent/Content/StarterContent/Particles/Materials/M_Dust_Particle.uasset" to "../../../../../../Users/Griff/OneDrive/Documents/GitHub/hellsrc/ProjectHellInsurance/Content/StarterContent/Particles/Materials/M_Dust_Particle.uasset"
[2025.02.04-03.27.10:181][  0]LogPackFactory: Copied "../../../Samples/StarterContent/Content/StarterContent/Particles/Materials/M_explosion_subUV.uasset" to "../../../../../../Users/Griff/OneDrive/Documents/GitHub/hellsrc/ProjectHellInsurance/Content/StarterContent/Particles/Materials/M_explosion_subUV.uasset"
[2025.02.04-03.27.10:183][  0]LogPackFactory: Copied "../../../Samples/StarterContent/Content/StarterContent/Particles/Materials/M_Fire_SubUV.uasset" to "../../../../../../Users/Griff/OneDrive/Documents/GitHub/hellsrc/ProjectHellInsurance/Content/StarterContent/Particles/Materials/M_Fire_SubUV.uasset"
[2025.02.04-03.27.10:184][  0]LogPackFactory: Copied "../../../Samples/StarterContent/Content/StarterContent/Particles/Materials/m_flare_01.uasset" to "../../../../../../Users/Griff/OneDrive/Documents/GitHub/hellsrc/ProjectHellInsurance/Content/StarterContent/Particles/Materials/m_flare_01.uasset"
[2025.02.04-03.27.10:186][  0]LogPackFactory: Copied "../../../Samples/StarterContent/Content/StarterContent/Particles/Materials/M_Heat_Distortion.uasset" to "../../../../../../Users/Griff/OneDrive/Documents/GitHub/hellsrc/ProjectHellInsurance/Content/StarterContent/Particles/Materials/M_Heat_Distortion.uasset"
[2025.02.04-03.27.10:186][  0]LogPackFactory: Copied "../../../Samples/StarterContent/Content/StarterContent/Particles/Materials/M_Radial_Gradient.uasset" to "../../../../../../Users/Griff/OneDrive/Documents/GitHub/hellsrc/ProjectHellInsurance/Content/StarterContent/Particles/Materials/M_Radial_Gradient.uasset"
[2025.02.04-03.27.10:187][  0]LogPackFactory: Copied "../../../Samples/StarterContent/Content/StarterContent/Particles/Materials/M_radial_ramp.uasset" to "../../../../../../Users/Griff/OneDrive/Documents/GitHub/hellsrc/ProjectHellInsurance/Content/StarterContent/Particles/Materials/M_radial_ramp.uasset"
[2025.02.04-03.27.10:190][  0]LogPackFactory: Copied "../../../Samples/StarterContent/Content/StarterContent/Particles/Materials/M_smoke_subUV.uasset" to "../../../../../../Users/Griff/OneDrive/Documents/GitHub/hellsrc/ProjectHellInsurance/Content/StarterContent/Particles/Materials/M_smoke_subUV.uasset"
[2025.02.04-03.27.10:191][  0]LogPackFactory: Copied "../../../Samples/StarterContent/Content/StarterContent/Particles/Materials/M_Spark.uasset" to "../../../../../../Users/Griff/OneDrive/Documents/GitHub/hellsrc/ProjectHellInsurance/Content/StarterContent/Particles/Materials/M_Spark.uasset"
[2025.02.04-03.27.10:194][  0]LogPackFactory: Copied "../../../Samples/StarterContent/Content/StarterContent/Props/MaterialSphere.uasset" to "../../../../../../Users/Griff/OneDrive/Documents/GitHub/hellsrc/ProjectHellInsurance/Content/StarterContent/Props/MaterialSphere.uasset"
[2025.02.04-03.27.10:195][  0]LogPackFactory: Copied "../../../Samples/StarterContent/Content/StarterContent/Props/SM_Bush.uasset" to "../../../../../../Users/Griff/OneDrive/Documents/GitHub/hellsrc/ProjectHellInsurance/Content/StarterContent/Props/SM_Bush.uasset"
[2025.02.04-03.27.10:198][  0]LogPackFactory: Copied "../../../Samples/StarterContent/Content/StarterContent/Props/SM_Chair.uasset" to "../../../../../../Users/Griff/OneDrive/Documents/GitHub/hellsrc/ProjectHellInsurance/Content/StarterContent/Props/SM_Chair.uasset"
[2025.02.04-03.27.10:201][  0]LogPackFactory: Copied "../../../Samples/StarterContent/Content/StarterContent/Props/SM_CornerFrame.uasset" to "../../../../../../Users/Griff/OneDrive/Documents/GitHub/hellsrc/ProjectHellInsurance/Content/StarterContent/Props/SM_CornerFrame.uasset"
[2025.02.04-03.27.10:204][  0]LogPackFactory: Copied "../../../Samples/StarterContent/Content/StarterContent/Props/SM_Couch.uasset" to "../../../../../../Users/Griff/OneDrive/Documents/GitHub/hellsrc/ProjectHellInsurance/Content/StarterContent/Props/SM_Couch.uasset"
[2025.02.04-03.27.10:207][  0]LogPackFactory: Copied "../../../Samples/StarterContent/Content/StarterContent/Props/SM_Door.uasset" to "../../../../../../Users/Griff/OneDrive/Documents/GitHub/hellsrc/ProjectHellInsurance/Content/StarterContent/Props/SM_Door.uasset"
[2025.02.04-03.27.10:209][  0]LogPackFactory: Copied "../../../Samples/StarterContent/Content/StarterContent/Props/SM_DoorFrame.uasset" to "../../../../../../Users/Griff/OneDrive/Documents/GitHub/hellsrc/ProjectHellInsurance/Content/StarterContent/Props/SM_DoorFrame.uasset"
[2025.02.04-03.27.10:211][  0]LogPackFactory: Copied "../../../Samples/StarterContent/Content/StarterContent/Props/SM_GlassWindow.uasset" to "../../../../../../Users/Griff/OneDrive/Documents/GitHub/hellsrc/ProjectHellInsurance/Content/StarterContent/Props/SM_GlassWindow.uasset"
[2025.02.04-03.27.10:216][  0]LogPackFactory: Copied "../../../Samples/StarterContent/Content/StarterContent/Props/SM_Lamp_Ceiling.uasset" to "../../../../../../Users/Griff/OneDrive/Documents/GitHub/hellsrc/ProjectHellInsurance/Content/StarterContent/Props/SM_Lamp_Ceiling.uasset"
[2025.02.04-03.27.10:218][  0]LogPackFactory: Copied "../../../Samples/StarterContent/Content/StarterContent/Props/SM_Lamp_Wall.uasset" to "../../../../../../Users/Griff/OneDrive/Documents/GitHub/hellsrc/ProjectHellInsurance/Content/StarterContent/Props/SM_Lamp_Wall.uasset"
[2025.02.04-03.27.10:237][  0]LogPackFactory: Copied "../../../Samples/StarterContent/Content/StarterContent/Props/SM_MatPreviewMesh_02.uasset" to "../../../../../../Users/Griff/OneDrive/Documents/GitHub/hellsrc/ProjectHellInsurance/Content/StarterContent/Props/SM_MatPreviewMesh_02.uasset"
[2025.02.04-03.27.10:241][  0]LogPackFactory: Copied "../../../Samples/StarterContent/Content/StarterContent/Props/SM_PillarFrame.uasset" to "../../../../../../Users/Griff/OneDrive/Documents/GitHub/hellsrc/ProjectHellInsurance/Content/StarterContent/Props/SM_PillarFrame.uasset"
[2025.02.04-03.27.10:243][  0]LogPackFactory: Copied "../../../Samples/StarterContent/Content/StarterContent/Props/SM_PillarFrame300.uasset" to "../../../../../../Users/Griff/OneDrive/Documents/GitHub/hellsrc/ProjectHellInsurance/Content/StarterContent/Props/SM_PillarFrame300.uasset"
[2025.02.04-03.27.10:246][  0]LogPackFactory: Copied "../../../Samples/StarterContent/Content/StarterContent/Props/SM_Rock.uasset" to "../../../../../../Users/Griff/OneDrive/Documents/GitHub/hellsrc/ProjectHellInsurance/Content/StarterContent/Props/SM_Rock.uasset"
[2025.02.04-03.27.10:248][  0]LogPackFactory: Copied "../../../Samples/StarterContent/Content/StarterContent/Props/SM_Shelf.uasset" to "../../../../../../Users/Griff/OneDrive/Documents/GitHub/hellsrc/ProjectHellInsurance/Content/StarterContent/Props/SM_Shelf.uasset"
[2025.02.04-03.27.10:251][  0]LogPackFactory: Copied "../../../Samples/StarterContent/Content/StarterContent/Props/SM_Stairs.uasset" to "../../../../../../Users/Griff/OneDrive/Documents/GitHub/hellsrc/ProjectHellInsurance/Content/StarterContent/Props/SM_Stairs.uasset"
[2025.02.04-03.27.10:254][  0]LogPackFactory: Copied "../../../Samples/StarterContent/Content/StarterContent/Props/SM_Statue.uasset" to "../../../../../../Users/Griff/OneDrive/Documents/GitHub/hellsrc/ProjectHellInsurance/Content/StarterContent/Props/SM_Statue.uasset"
[2025.02.04-03.27.10:256][  0]LogPackFactory: Copied "../../../Samples/StarterContent/Content/StarterContent/Props/SM_TableRound.uasset" to "../../../../../../Users/Griff/OneDrive/Documents/GitHub/hellsrc/ProjectHellInsurance/Content/StarterContent/Props/SM_TableRound.uasset"
[2025.02.04-03.27.10:258][  0]LogPackFactory: Copied "../../../Samples/StarterContent/Content/StarterContent/Props/SM_WindowFrame.uasset" to "../../../../../../Users/Griff/OneDrive/Documents/GitHub/hellsrc/ProjectHellInsurance/Content/StarterContent/Props/SM_WindowFrame.uasset"
[2025.02.04-03.27.10:259][  0]LogPackFactory: Copied "../../../Samples/StarterContent/Content/StarterContent/Props/Materials/M_Bush.uasset" to "../../../../../../Users/Griff/OneDrive/Documents/GitHub/hellsrc/ProjectHellInsurance/Content/StarterContent/Props/Materials/M_Bush.uasset"
[2025.02.04-03.27.10:261][  0]LogPackFactory: Copied "../../../Samples/StarterContent/Content/StarterContent/Props/Materials/M_Chair.uasset" to "../../../../../../Users/Griff/OneDrive/Documents/GitHub/hellsrc/ProjectHellInsurance/Content/StarterContent/Props/Materials/M_Chair.uasset"
[2025.02.04-03.27.10:263][  0]LogPackFactory: Copied "../../../Samples/StarterContent/Content/StarterContent/Props/Materials/M_Door.uasset" to "../../../../../../Users/Griff/OneDrive/Documents/GitHub/hellsrc/ProjectHellInsurance/Content/StarterContent/Props/Materials/M_Door.uasset"
[2025.02.04-03.27.10:265][  0]LogPackFactory: Copied "../../../Samples/StarterContent/Content/StarterContent/Props/Materials/M_Frame.uasset" to "../../../../../../Users/Griff/OneDrive/Documents/GitHub/hellsrc/ProjectHellInsurance/Content/StarterContent/Props/Materials/M_Frame.uasset"
[2025.02.04-03.27.10:266][  0]LogPackFactory: Copied "../../../Samples/StarterContent/Content/StarterContent/Props/Materials/M_Lamp.uasset" to "../../../../../../Users/Griff/OneDrive/Documents/GitHub/hellsrc/ProjectHellInsurance/Content/StarterContent/Props/Materials/M_Lamp.uasset"
[2025.02.04-03.27.10:267][  0]LogPackFactory: Copied "../../../Samples/StarterContent/Content/StarterContent/Props/Materials/M_MaterialSphere.uasset" to "../../../../../../Users/Griff/OneDrive/Documents/GitHub/hellsrc/ProjectHellInsurance/Content/StarterContent/Props/Materials/M_MaterialSphere.uasset"
[2025.02.04-03.27.10:269][  0]LogPackFactory: Copied "../../../Samples/StarterContent/Content/StarterContent/Props/Materials/M_MaterialSphere_Plain.uasset" to "../../../../../../Users/Griff/OneDrive/Documents/GitHub/hellsrc/ProjectHellInsurance/Content/StarterContent/Props/Materials/M_MaterialSphere_Plain.uasset"
[2025.02.04-03.27.10:269][  0]LogPackFactory: Copied "../../../Samples/StarterContent/Content/StarterContent/Props/Materials/M_Rock.uasset" to "../../../../../../Users/Griff/OneDrive/Documents/GitHub/hellsrc/ProjectHellInsurance/Content/StarterContent/Props/Materials/M_Rock.uasset"
[2025.02.04-03.27.10:271][  0]LogPackFactory: Copied "../../../Samples/StarterContent/Content/StarterContent/Props/Materials/M_Shelf.uasset" to "../../../../../../Users/Griff/OneDrive/Documents/GitHub/hellsrc/ProjectHellInsurance/Content/StarterContent/Props/Materials/M_Shelf.uasset"
[2025.02.04-03.27.10:273][  0]LogPackFactory: Copied "../../../Samples/StarterContent/Content/StarterContent/Props/Materials/M_Statue.uasset" to "../../../../../../Users/Griff/OneDrive/Documents/GitHub/hellsrc/ProjectHellInsurance/Content/StarterContent/Props/Materials/M_Statue.uasset"
[2025.02.04-03.27.10:274][  0]LogPackFactory: Copied "../../../Samples/StarterContent/Content/StarterContent/Props/Materials/M_StatueGlass.uasset" to "../../../../../../Users/Griff/OneDrive/Documents/GitHub/hellsrc/ProjectHellInsurance/Content/StarterContent/Props/Materials/M_StatueGlass.uasset"
[2025.02.04-03.27.10:276][  0]LogPackFactory: Copied "../../../Samples/StarterContent/Content/StarterContent/Props/Materials/M_TableRound.uasset" to "../../../../../../Users/Griff/OneDrive/Documents/GitHub/hellsrc/ProjectHellInsurance/Content/StarterContent/Props/Materials/M_TableRound.uasset"
[2025.02.04-03.27.10:281][  0]LogPackFactory: Copied "../../../Samples/StarterContent/Content/StarterContent/Shapes/Shape_Cone.uasset" to "../../../../../../Users/Griff/OneDrive/Documents/GitHub/hellsrc/ProjectHellInsurance/Content/StarterContent/Shapes/Shape_Cone.uasset"
[2025.02.04-03.27.10:282][  0]LogPackFactory: Copied "../../../Samples/StarterContent/Content/StarterContent/Shapes/Shape_Cube.uasset" to "../../../../../../Users/Griff/OneDrive/Documents/GitHub/hellsrc/ProjectHellInsurance/Content/StarterContent/Shapes/Shape_Cube.uasset"
[2025.02.04-03.27.10:283][  0]LogPackFactory: Copied "../../../Samples/StarterContent/Content/StarterContent/Shapes/Shape_Cylinder.uasset" to "../../../../../../Users/Griff/OneDrive/Documents/GitHub/hellsrc/ProjectHellInsurance/Content/StarterContent/Shapes/Shape_Cylinder.uasset"
[2025.02.04-03.27.10:285][  0]LogPackFactory: Copied "../../../Samples/StarterContent/Content/StarterContent/Shapes/Shape_NarrowCapsule.uasset" to "../../../../../../Users/Griff/OneDrive/Documents/GitHub/hellsrc/ProjectHellInsurance/Content/StarterContent/Shapes/Shape_NarrowCapsule.uasset"
[2025.02.04-03.27.10:287][  0]LogPackFactory: Copied "../../../Samples/StarterContent/Content/StarterContent/Shapes/Shape_Pipe.uasset" to "../../../../../../Users/Griff/OneDrive/Documents/GitHub/hellsrc/ProjectHellInsurance/Content/StarterContent/Shapes/Shape_Pipe.uasset"
[2025.02.04-03.27.10:288][  0]LogPackFactory: Copied "../../../Samples/StarterContent/Content/StarterContent/Shapes/Shape_Pipe_180.uasset" to "../../../../../../Users/Griff/OneDrive/Documents/GitHub/hellsrc/ProjectHellInsurance/Content/StarterContent/Shapes/Shape_Pipe_180.uasset"
[2025.02.04-03.27.10:290][  0]LogPackFactory: Copied "../../../Samples/StarterContent/Content/StarterContent/Shapes/Shape_Pipe_90.uasset" to "../../../../../../Users/Griff/OneDrive/Documents/GitHub/hellsrc/ProjectHellInsurance/Content/StarterContent/Shapes/Shape_Pipe_90.uasset"
[2025.02.04-03.27.10:291][  0]LogPackFactory: Copied "../../../Samples/StarterContent/Content/StarterContent/Shapes/Shape_Plane.uasset" to "../../../../../../Users/Griff/OneDrive/Documents/GitHub/hellsrc/ProjectHellInsurance/Content/StarterContent/Shapes/Shape_Plane.uasset"
[2025.02.04-03.27.10:292][  0]LogPackFactory: Copied "../../../Samples/StarterContent/Content/StarterContent/Shapes/Shape_QuadPyramid.uasset" to "../../../../../../Users/Griff/OneDrive/Documents/GitHub/hellsrc/ProjectHellInsurance/Content/StarterContent/Shapes/Shape_QuadPyramid.uasset"
[2025.02.04-03.27.10:295][  0]LogPackFactory: Copied "../../../Samples/StarterContent/Content/StarterContent/Shapes/Shape_Sphere.uasset" to "../../../../../../Users/Griff/OneDrive/Documents/GitHub/hellsrc/ProjectHellInsurance/Content/StarterContent/Shapes/Shape_Sphere.uasset"
[2025.02.04-03.27.10:305][  0]LogPackFactory: Copied "../../../Samples/StarterContent/Content/StarterContent/Shapes/Shape_Torus.uasset" to "../../../../../../Users/Griff/OneDrive/Documents/GitHub/hellsrc/ProjectHellInsurance/Content/StarterContent/Shapes/Shape_Torus.uasset"
[2025.02.04-03.27.10:307][  0]LogPackFactory: Copied "../../../Samples/StarterContent/Content/StarterContent/Shapes/Shape_Trim.uasset" to "../../../../../../Users/Griff/OneDrive/Documents/GitHub/hellsrc/ProjectHellInsurance/Content/StarterContent/Shapes/Shape_Trim.uasset"
[2025.02.04-03.27.10:308][  0]LogPackFactory: Copied "../../../Samples/StarterContent/Content/StarterContent/Shapes/Shape_Trim_90_In.uasset" to "../../../../../../Users/Griff/OneDrive/Documents/GitHub/hellsrc/ProjectHellInsurance/Content/StarterContent/Shapes/Shape_Trim_90_In.uasset"
[2025.02.04-03.27.10:310][  0]LogPackFactory: Copied "../../../Samples/StarterContent/Content/StarterContent/Shapes/Shape_Trim_90_Out.uasset" to "../../../../../../Users/Griff/OneDrive/Documents/GitHub/hellsrc/ProjectHellInsurance/Content/StarterContent/Shapes/Shape_Trim_90_Out.uasset"
[2025.02.04-03.27.10:311][  0]LogPackFactory: Copied "../../../Samples/StarterContent/Content/StarterContent/Shapes/Shape_TriPyramid.uasset" to "../../../../../../Users/Griff/OneDrive/Documents/GitHub/hellsrc/ProjectHellInsurance/Content/StarterContent/Shapes/Shape_TriPyramid.uasset"
[2025.02.04-03.27.10:313][  0]LogPackFactory: Copied "../../../Samples/StarterContent/Content/StarterContent/Shapes/Shape_Tube.uasset" to "../../../../../../Users/Griff/OneDrive/Documents/GitHub/hellsrc/ProjectHellInsurance/Content/StarterContent/Shapes/Shape_Tube.uasset"
[2025.02.04-03.27.10:315][  0]LogPackFactory: Copied "../../../Samples/StarterContent/Content/StarterContent/Shapes/Shape_Wedge_A.uasset" to "../../../../../../Users/Griff/OneDrive/Documents/GitHub/hellsrc/ProjectHellInsurance/Content/StarterContent/Shapes/Shape_Wedge_A.uasset"
[2025.02.04-03.27.10:315][  0]LogPackFactory: Copied "../../../Samples/StarterContent/Content/StarterContent/Shapes/Shape_Wedge_B.uasset" to "../../../../../../Users/Griff/OneDrive/Documents/GitHub/hellsrc/ProjectHellInsurance/Content/StarterContent/Shapes/Shape_Wedge_B.uasset"
[2025.02.04-03.27.10:318][  0]LogPackFactory: Copied "../../../Samples/StarterContent/Content/StarterContent/Shapes/Shape_WideCapsule.uasset" to "../../../../../../Users/Griff/OneDrive/Documents/GitHub/hellsrc/ProjectHellInsurance/Content/StarterContent/Shapes/Shape_WideCapsule.uasset"
[2025.02.04-03.27.10:344][  0]LogPackFactory: Copied "../../../Samples/StarterContent/Content/StarterContent/Textures/T_Brick_Clay_Beveled_D.uasset" to "../../../../../../Users/Griff/OneDrive/Documents/GitHub/hellsrc/ProjectHellInsurance/Content/StarterContent/Textures/T_Brick_Clay_Beveled_D.uasset"
[2025.02.04-03.27.10:353][  0]LogPackFactory: Copied "../../../Samples/StarterContent/Content/StarterContent/Textures/T_Brick_Clay_Beveled_M.uasset" to "../../../../../../Users/Griff/OneDrive/Documents/GitHub/hellsrc/ProjectHellInsurance/Content/StarterContent/Textures/T_Brick_Clay_Beveled_M.uasset"
[2025.02.04-03.27.10:362][  0]LogPackFactory: Copied "../../../Samples/StarterContent/Content/StarterContent/Textures/T_Brick_Clay_Beveled_N.uasset" to "../../../../../../Users/Griff/OneDrive/Documents/GitHub/hellsrc/ProjectHellInsurance/Content/StarterContent/Textures/T_Brick_Clay_Beveled_N.uasset"
[2025.02.04-03.27.10:370][  0]LogPackFactory: Copied "../../../Samples/StarterContent/Content/StarterContent/Textures/T_Brick_Clay_New_D.uasset" to "../../../../../../Users/Griff/OneDrive/Documents/GitHub/hellsrc/ProjectHellInsurance/Content/StarterContent/Textures/T_Brick_Clay_New_D.uasset"
[2025.02.04-03.27.10:381][  0]LogPackFactory: Copied "../../../Samples/StarterContent/Content/StarterContent/Textures/T_Brick_Clay_New_M.uasset" to "../../../../../../Users/Griff/OneDrive/Documents/GitHub/hellsrc/ProjectHellInsurance/Content/StarterContent/Textures/T_Brick_Clay_New_M.uasset"
[2025.02.04-03.27.10:390][  0]LogPackFactory: Copied "../../../Samples/StarterContent/Content/StarterContent/Textures/T_Brick_Clay_New_N.uasset" to "../../../../../../Users/Griff/OneDrive/Documents/GitHub/hellsrc/ProjectHellInsurance/Content/StarterContent/Textures/T_Brick_Clay_New_N.uasset"
[2025.02.04-03.27.10:406][  0]LogPackFactory: Copied "../../../Samples/StarterContent/Content/StarterContent/Textures/T_Brick_Clay_Old_D.uasset" to "../../../../../../Users/Griff/OneDrive/Documents/GitHub/hellsrc/ProjectHellInsurance/Content/StarterContent/Textures/T_Brick_Clay_Old_D.uasset"
[2025.02.04-03.27.10:417][  0]LogPackFactory: Copied "../../../Samples/StarterContent/Content/StarterContent/Textures/T_Brick_Clay_Old_N.uasset" to "../../../../../../Users/Griff/OneDrive/Documents/GitHub/hellsrc/ProjectHellInsurance/Content/StarterContent/Textures/T_Brick_Clay_Old_N.uasset"
[2025.02.04-03.27.10:444][  0]LogPackFactory: Copied "../../../Samples/StarterContent/Content/StarterContent/Textures/T_Brick_Cut_Stone_D.uasset" to "../../../../../../Users/Griff/OneDrive/Documents/GitHub/hellsrc/ProjectHellInsurance/Content/StarterContent/Textures/T_Brick_Cut_Stone_D.uasset"
[2025.02.04-03.27.10:471][  0]LogPackFactory: Copied "../../../Samples/StarterContent/Content/StarterContent/Textures/T_Brick_Cut_Stone_N.uasset" to "../../../../../../Users/Griff/OneDrive/Documents/GitHub/hellsrc/ProjectHellInsurance/Content/StarterContent/Textures/T_Brick_Cut_Stone_N.uasset"
[2025.02.04-03.27.10:491][  0]LogPackFactory: Copied "../../../Samples/StarterContent/Content/StarterContent/Textures/T_Brick_Hewn_Stone_D.uasset" to "../../../../../../Users/Griff/OneDrive/Documents/GitHub/hellsrc/ProjectHellInsurance/Content/StarterContent/Textures/T_Brick_Hewn_Stone_D.uasset"
[2025.02.04-03.27.10:532][  0]LogPackFactory: Copied "../../../Samples/StarterContent/Content/StarterContent/Textures/T_Brick_Hewn_Stone_M.uasset" to "../../../../../../Users/Griff/OneDrive/Documents/GitHub/hellsrc/ProjectHellInsurance/Content/StarterContent/Textures/T_Brick_Hewn_Stone_M.uasset"
[2025.02.04-03.27.10:621][  0]LogPackFactory: Copied "../../../Samples/StarterContent/Content/StarterContent/Textures/T_Brick_Hewn_Stone_N.uasset" to "../../../../../../Users/Griff/OneDrive/Documents/GitHub/hellsrc/ProjectHellInsurance/Content/StarterContent/Textures/T_Brick_Hewn_Stone_N.uasset"
[2025.02.04-03.27.10:631][  0]LogPackFactory: Copied "../../../Samples/StarterContent/Content/StarterContent/Textures/T_Burst_M.uasset" to "../../../../../../Users/Griff/OneDrive/Documents/GitHub/hellsrc/ProjectHellInsurance/Content/StarterContent/Textures/T_Burst_M.uasset"
[2025.02.04-03.27.10:640][  0]LogPackFactory: Copied "../../../Samples/StarterContent/Content/StarterContent/Textures/T_Bush_D.uasset" to "../../../../../../Users/Griff/OneDrive/Documents/GitHub/hellsrc/ProjectHellInsurance/Content/StarterContent/Textures/T_Bush_D.uasset"
[2025.02.04-03.27.10:648][  0]LogPackFactory: Copied "../../../Samples/StarterContent/Content/StarterContent/Textures/T_Bush_N.uasset" to "../../../../../../Users/Griff/OneDrive/Documents/GitHub/hellsrc/ProjectHellInsurance/Content/StarterContent/Textures/T_Bush_N.uasset"
[2025.02.04-03.27.10:664][  0]LogPackFactory: Copied "../../../Samples/StarterContent/Content/StarterContent/Textures/T_Ceramic_Tile_M.uasset" to "../../../../../../Users/Griff/OneDrive/Documents/GitHub/hellsrc/ProjectHellInsurance/Content/StarterContent/Textures/T_Ceramic_Tile_M.uasset"
[2025.02.04-03.27.10:677][  0]LogPackFactory: Copied "../../../Samples/StarterContent/Content/StarterContent/Textures/T_Ceramic_Tile_N.uasset" to "../../../../../../Users/Griff/OneDrive/Documents/GitHub/hellsrc/ProjectHellInsurance/Content/StarterContent/Textures/T_Ceramic_Tile_N.uasset"
[2025.02.04-03.27.10:706][  0]LogPackFactory: Copied "../../../Samples/StarterContent/Content/StarterContent/Textures/T_Chair_M.uasset" to "../../../../../../Users/Griff/OneDrive/Documents/GitHub/hellsrc/ProjectHellInsurance/Content/StarterContent/Textures/T_Chair_M.uasset"
[2025.02.04-03.27.10:727][  0]LogPackFactory: Copied "../../../Samples/StarterContent/Content/StarterContent/Textures/T_Chair_N.uasset" to "../../../../../../Users/Griff/OneDrive/Documents/GitHub/hellsrc/ProjectHellInsurance/Content/StarterContent/Textures/T_Chair_N.uasset"
[2025.02.04-03.27.10:730][  0]LogPackFactory: Copied "../../../Samples/StarterContent/Content/StarterContent/Textures/T_Checker_Noise_M.uasset" to "../../../../../../Users/Griff/OneDrive/Documents/GitHub/hellsrc/ProjectHellInsurance/Content/StarterContent/Textures/T_Checker_Noise_M.uasset"
[2025.02.04-03.27.10:819][  0]LogPackFactory: Copied "../../../Samples/StarterContent/Content/StarterContent/Textures/T_CobbleStone_Pebble_D.uasset" to "../../../../../../Users/Griff/OneDrive/Documents/GitHub/hellsrc/ProjectHellInsurance/Content/StarterContent/Textures/T_CobbleStone_Pebble_D.uasset"
[2025.02.04-03.27.10:836][  0]LogPackFactory: Copied "../../../Samples/StarterContent/Content/StarterContent/Textures/T_CobbleStone_Pebble_M.uasset" to "../../../../../../Users/Griff/OneDrive/Documents/GitHub/hellsrc/ProjectHellInsurance/Content/StarterContent/Textures/T_CobbleStone_Pebble_M.uasset"
[2025.02.04-03.27.10:920][  0]LogPackFactory: Copied "../../../Samples/StarterContent/Content/StarterContent/Textures/T_CobbleStone_Pebble_N.uasset" to "../../../../../../Users/Griff/OneDrive/Documents/GitHub/hellsrc/ProjectHellInsurance/Content/StarterContent/Textures/T_CobbleStone_Pebble_N.uasset"
[2025.02.04-03.27.10:942][  0]LogPackFactory: Copied "../../../Samples/StarterContent/Content/StarterContent/Textures/T_CobbleStone_Rough_D.uasset" to "../../../../../../Users/Griff/OneDrive/Documents/GitHub/hellsrc/ProjectHellInsurance/Content/StarterContent/Textures/T_CobbleStone_Rough_D.uasset"
[2025.02.04-03.27.10:960][  0]LogPackFactory: Copied "../../../Samples/StarterContent/Content/StarterContent/Textures/T_CobbleStone_Rough_N.uasset" to "../../../../../../Users/Griff/OneDrive/Documents/GitHub/hellsrc/ProjectHellInsurance/Content/StarterContent/Textures/T_CobbleStone_Rough_N.uasset"
[2025.02.04-03.27.10:969][  0]LogPackFactory: Copied "../../../Samples/StarterContent/Content/StarterContent/Textures/T_CobbleStone_Smooth_D.uasset" to "../../../../../../Users/Griff/OneDrive/Documents/GitHub/hellsrc/ProjectHellInsurance/Content/StarterContent/Textures/T_CobbleStone_Smooth_D.uasset"
[2025.02.04-03.27.10:976][  0]LogPackFactory: Copied "../../../Samples/StarterContent/Content/StarterContent/Textures/T_CobbleStone_Smooth_M.uasset" to "../../../../../../Users/Griff/OneDrive/Documents/GitHub/hellsrc/ProjectHellInsurance/Content/StarterContent/Textures/T_CobbleStone_Smooth_M.uasset"
[2025.02.04-03.27.10:987][  0]LogPackFactory: Copied "../../../Samples/StarterContent/Content/StarterContent/Textures/T_CobbleStone_Smooth_N.uasset" to "../../../../../../Users/Griff/OneDrive/Documents/GitHub/hellsrc/ProjectHellInsurance/Content/StarterContent/Textures/T_CobbleStone_Smooth_N.uasset"
[2025.02.04-03.27.11:000][  0]LogPackFactory: Copied "../../../Samples/StarterContent/Content/StarterContent/Textures/T_Concrete_Grime_D.uasset" to "../../../../../../Users/Griff/OneDrive/Documents/GitHub/hellsrc/ProjectHellInsurance/Content/StarterContent/Textures/T_Concrete_Grime_D.uasset"
[2025.02.04-03.27.11:010][  0]LogPackFactory: Copied "../../../Samples/StarterContent/Content/StarterContent/Textures/T_Concrete_Panels_D.uasset" to "../../../../../../Users/Griff/OneDrive/Documents/GitHub/hellsrc/ProjectHellInsurance/Content/StarterContent/Textures/T_Concrete_Panels_D.uasset"
[2025.02.04-03.27.11:018][  0]LogPackFactory: Copied "../../../Samples/StarterContent/Content/StarterContent/Textures/T_Concrete_Panels_N.uasset" to "../../../../../../Users/Griff/OneDrive/Documents/GitHub/hellsrc/ProjectHellInsurance/Content/StarterContent/Textures/T_Concrete_Panels_N.uasset"
[2025.02.04-03.27.11:042][  0]LogPackFactory: Copied "../../../Samples/StarterContent/Content/StarterContent/Textures/T_Concrete_Poured_D.uasset" to "../../../../../../Users/Griff/OneDrive/Documents/GitHub/hellsrc/ProjectHellInsurance/Content/StarterContent/Textures/T_Concrete_Poured_D.uasset"
[2025.02.04-03.27.11:068][  0]LogPackFactory: Copied "../../../Samples/StarterContent/Content/StarterContent/Textures/T_Concrete_Poured_N.uasset" to "../../../../../../Users/Griff/OneDrive/Documents/GitHub/hellsrc/ProjectHellInsurance/Content/StarterContent/Textures/T_Concrete_Poured_N.uasset"
[2025.02.04-03.27.11:124][  0]LogPackFactory: Copied "../../../Samples/StarterContent/Content/StarterContent/Textures/T_Concrete_Tiles_D.uasset" to "../../../../../../Users/Griff/OneDrive/Documents/GitHub/hellsrc/ProjectHellInsurance/Content/StarterContent/Textures/T_Concrete_Tiles_D.uasset"
[2025.02.04-03.27.11:178][  0]LogPackFactory: Copied "../../../Samples/StarterContent/Content/StarterContent/Textures/T_Concrete_Tiles_M.uasset" to "../../../../../../Users/Griff/OneDrive/Documents/GitHub/hellsrc/ProjectHellInsurance/Content/StarterContent/Textures/T_Concrete_Tiles_M.uasset"
[2025.02.04-03.27.11:221][  0]LogPackFactory: Copied "../../../Samples/StarterContent/Content/StarterContent/Textures/T_Concrete_Tiles_N.uasset" to "../../../../../../Users/Griff/OneDrive/Documents/GitHub/hellsrc/ProjectHellInsurance/Content/StarterContent/Textures/T_Concrete_Tiles_N.uasset"
[2025.02.04-03.27.11:229][  0]LogPackFactory: Copied "../../../Samples/StarterContent/Content/StarterContent/Textures/T_Concrete_Tiles_Variation_M.uasset" to "../../../../../../Users/Griff/OneDrive/Documents/GitHub/hellsrc/ProjectHellInsurance/Content/StarterContent/Textures/T_Concrete_Tiles_Variation_M.uasset"
[2025.02.04-03.27.11:266][  0]LogPackFactory: Copied "../../../Samples/StarterContent/Content/StarterContent/Textures/T_Detail_Rocky_N.uasset" to "../../../../../../Users/Griff/OneDrive/Documents/GitHub/hellsrc/ProjectHellInsurance/Content/StarterContent/Textures/T_Detail_Rocky_N.uasset"
[2025.02.04-03.27.11:273][  0]LogPackFactory: Copied "../../../Samples/StarterContent/Content/StarterContent/Textures/T_Door_M.uasset" to "../../../../../../Users/Griff/OneDrive/Documents/GitHub/hellsrc/ProjectHellInsurance/Content/StarterContent/Textures/T_Door_M.uasset"
[2025.02.04-03.27.11:285][  0]LogPackFactory: Copied "../../../Samples/StarterContent/Content/StarterContent/Textures/T_Door_N.uasset" to "../../../../../../Users/Griff/OneDrive/Documents/GitHub/hellsrc/ProjectHellInsurance/Content/StarterContent/Textures/T_Door_N.uasset"
[2025.02.04-03.27.11:293][  0]LogPackFactory: Copied "../../../Samples/StarterContent/Content/StarterContent/Textures/T_Dust_Particle_D.uasset" to "../../../../../../Users/Griff/OneDrive/Documents/GitHub/hellsrc/ProjectHellInsurance/Content/StarterContent/Textures/T_Dust_Particle_D.uasset"
[2025.02.04-03.27.11:313][  0]LogPackFactory: Copied "../../../Samples/StarterContent/Content/StarterContent/Textures/T_Explosion_SubUV.uasset" to "../../../../../../Users/Griff/OneDrive/Documents/GitHub/hellsrc/ProjectHellInsurance/Content/StarterContent/Textures/T_Explosion_SubUV.uasset"
[2025.02.04-03.27.11:336][  0]LogPackFactory: Copied "../../../Samples/StarterContent/Content/StarterContent/Textures/T_Fire_SubUV.uasset" to "../../../../../../Users/Griff/OneDrive/Documents/GitHub/hellsrc/ProjectHellInsurance/Content/StarterContent/Textures/T_Fire_SubUV.uasset"
[2025.02.04-03.27.11:357][  0]LogPackFactory: Copied "../../../Samples/StarterContent/Content/StarterContent/Textures/T_Fire_Tiled_D.uasset" to "../../../../../../Users/Griff/OneDrive/Documents/GitHub/hellsrc/ProjectHellInsurance/Content/StarterContent/Textures/T_Fire_Tiled_D.uasset"
[2025.02.04-03.27.11:375][  0]LogPackFactory: Copied "../../../Samples/StarterContent/Content/StarterContent/Textures/T_Frame_M.uasset" to "../../../../../../Users/Griff/OneDrive/Documents/GitHub/hellsrc/ProjectHellInsurance/Content/StarterContent/Textures/T_Frame_M.uasset"
[2025.02.04-03.27.11:391][  0]LogPackFactory: Copied "../../../Samples/StarterContent/Content/StarterContent/Textures/T_Frame_N.uasset" to "../../../../../../Users/Griff/OneDrive/Documents/GitHub/hellsrc/ProjectHellInsurance/Content/StarterContent/Textures/T_Frame_N.uasset"
[2025.02.04-03.27.11:397][  0]LogPackFactory: Copied "../../../Samples/StarterContent/Content/StarterContent/Textures/T_Gradinet_01.uasset" to "../../../../../../Users/Griff/OneDrive/Documents/GitHub/hellsrc/ProjectHellInsurance/Content/StarterContent/Textures/T_Gradinet_01.uasset"
[2025.02.04-03.27.11:451][  0]LogPackFactory: Copied "../../../Samples/StarterContent/Content/StarterContent/Textures/T_Ground_Grass_D.uasset" to "../../../../../../Users/Griff/OneDrive/Documents/GitHub/hellsrc/ProjectHellInsurance/Content/StarterContent/Textures/T_Ground_Grass_D.uasset"
[2025.02.04-03.27.11:463][  0]LogPackFactory: Copied "../../../Samples/StarterContent/Content/StarterContent/Textures/T_Ground_Grass_N.uasset" to "../../../../../../Users/Griff/OneDrive/Documents/GitHub/hellsrc/ProjectHellInsurance/Content/StarterContent/Textures/T_Ground_Grass_N.uasset"
[2025.02.04-03.27.11:475][  0]LogPackFactory: Copied "../../../Samples/StarterContent/Content/StarterContent/Textures/T_Ground_Gravel_D.uasset" to "../../../../../../Users/Griff/OneDrive/Documents/GitHub/hellsrc/ProjectHellInsurance/Content/StarterContent/Textures/T_Ground_Gravel_D.uasset"
[2025.02.04-03.27.11:485][  0]LogPackFactory: Copied "../../../Samples/StarterContent/Content/StarterContent/Textures/T_Ground_Gravel_N.uasset" to "../../../../../../Users/Griff/OneDrive/Documents/GitHub/hellsrc/ProjectHellInsurance/Content/StarterContent/Textures/T_Ground_Gravel_N.uasset"
[2025.02.04-03.27.11:503][  0]LogPackFactory: Copied "../../../Samples/StarterContent/Content/StarterContent/Textures/T_ground_Moss_D.uasset" to "../../../../../../Users/Griff/OneDrive/Documents/GitHub/hellsrc/ProjectHellInsurance/Content/StarterContent/Textures/T_ground_Moss_D.uasset"
[2025.02.04-03.27.11:524][  0]LogPackFactory: Copied "../../../Samples/StarterContent/Content/StarterContent/Textures/T_Ground_Moss_N.uasset" to "../../../../../../Users/Griff/OneDrive/Documents/GitHub/hellsrc/ProjectHellInsurance/Content/StarterContent/Textures/T_Ground_Moss_N.uasset"
[2025.02.04-03.27.11:526][  0]LogPackFactory: Copied "../../../Samples/StarterContent/Content/StarterContent/Textures/T_Lamp_M.uasset" to "../../../../../../Users/Griff/OneDrive/Documents/GitHub/hellsrc/ProjectHellInsurance/Content/StarterContent/Textures/T_Lamp_M.uasset"
[2025.02.04-03.27.11:536][  0]LogPackFactory: Copied "../../../Samples/StarterContent/Content/StarterContent/Textures/T_Lamp_N.uasset" to "../../../../../../Users/Griff/OneDrive/Documents/GitHub/hellsrc/ProjectHellInsurance/Content/StarterContent/Textures/T_Lamp_N.uasset"
[2025.02.04-03.27.11:570][  0]LogPackFactory: Copied "../../../Samples/StarterContent/Content/StarterContent/Textures/T_MacroVariation.uasset" to "../../../../../../Users/Griff/OneDrive/Documents/GitHub/hellsrc/ProjectHellInsurance/Content/StarterContent/Textures/T_MacroVariation.uasset"
[2025.02.04-03.27.11:610][  0]LogPackFactory: Copied "../../../Samples/StarterContent/Content/StarterContent/Textures/T_Metal_Aluminum_D.uasset" to "../../../../../../Users/Griff/OneDrive/Documents/GitHub/hellsrc/ProjectHellInsurance/Content/StarterContent/Textures/T_Metal_Aluminum_D.uasset"
[2025.02.04-03.27.11:641][  0]LogPackFactory: Copied "../../../Samples/StarterContent/Content/StarterContent/Textures/T_Metal_Copper_D.uasset" to "../../../../../../Users/Griff/OneDrive/Documents/GitHub/hellsrc/ProjectHellInsurance/Content/StarterContent/Textures/T_Metal_Copper_D.uasset"
[2025.02.04-03.27.11:708][  0]LogPackFactory: Copied "../../../Samples/StarterContent/Content/StarterContent/Textures/T_Metal_Gold_D.uasset" to "../../../../../../Users/Griff/OneDrive/Documents/GitHub/hellsrc/ProjectHellInsurance/Content/StarterContent/Textures/T_Metal_Gold_D.uasset"
[2025.02.04-03.27.11:734][  0]LogPackFactory: Copied "../../../Samples/StarterContent/Content/StarterContent/Textures/T_Metal_Gold_N.uasset" to "../../../../../../Users/Griff/OneDrive/Documents/GitHub/hellsrc/ProjectHellInsurance/Content/StarterContent/Textures/T_Metal_Gold_N.uasset"
[2025.02.04-03.27.11:832][  0]LogPackFactory: Copied "../../../Samples/StarterContent/Content/StarterContent/Textures/T_Metal_Rust_D.uasset" to "../../../../../../Users/Griff/OneDrive/Documents/GitHub/hellsrc/ProjectHellInsurance/Content/StarterContent/Textures/T_Metal_Rust_D.uasset"
[2025.02.04-03.27.11:890][  0]LogPackFactory: Copied "../../../Samples/StarterContent/Content/StarterContent/Textures/T_Metal_Rust_N.uasset" to "../../../../../../Users/Griff/OneDrive/Documents/GitHub/hellsrc/ProjectHellInsurance/Content/StarterContent/Textures/T_Metal_Rust_N.uasset"
[2025.02.04-03.27.11:945][  0]LogPackFactory: Copied "../../../Samples/StarterContent/Content/StarterContent/Textures/T_Metal_Steel_D.uasset" to "../../../../../../Users/Griff/OneDrive/Documents/GitHub/hellsrc/ProjectHellInsurance/Content/StarterContent/Textures/T_Metal_Steel_D.uasset"
[2025.02.04-03.27.12:004][  0]LogPackFactory: Copied "../../../Samples/StarterContent/Content/StarterContent/Textures/T_Metal_Steel_N.uasset" to "../../../../../../Users/Griff/OneDrive/Documents/GitHub/hellsrc/ProjectHellInsurance/Content/StarterContent/Textures/T_Metal_Steel_N.uasset"
[2025.02.04-03.27.12:033][  0]LogPackFactory: Copied "../../../Samples/StarterContent/Content/StarterContent/Textures/T_Perlin_Noise_M.uasset" to "../../../../../../Users/Griff/OneDrive/Documents/GitHub/hellsrc/ProjectHellInsurance/Content/StarterContent/Textures/T_Perlin_Noise_M.uasset"
[2025.02.04-03.27.12:037][  0]LogPackFactory: Copied "../../../Samples/StarterContent/Content/StarterContent/Textures/T_RockMesh_M.uasset" to "../../../../../../Users/Griff/OneDrive/Documents/GitHub/hellsrc/ProjectHellInsurance/Content/StarterContent/Textures/T_RockMesh_M.uasset"
[2025.02.04-03.27.12:044][  0]LogPackFactory: Copied "../../../Samples/StarterContent/Content/StarterContent/Textures/T_RockMesh_N.uasset" to "../../../../../../Users/Griff/OneDrive/Documents/GitHub/hellsrc/ProjectHellInsurance/Content/StarterContent/Textures/T_RockMesh_N.uasset"
[2025.02.04-03.27.12:055][  0]LogPackFactory: Copied "../../../Samples/StarterContent/Content/StarterContent/Textures/T_Rock_Basalt_D.uasset" to "../../../../../../Users/Griff/OneDrive/Documents/GitHub/hellsrc/ProjectHellInsurance/Content/StarterContent/Textures/T_Rock_Basalt_D.uasset"
[2025.02.04-03.27.12:064][  0]LogPackFactory: Copied "../../../Samples/StarterContent/Content/StarterContent/Textures/T_Rock_Basalt_N.uasset" to "../../../../../../Users/Griff/OneDrive/Documents/GitHub/hellsrc/ProjectHellInsurance/Content/StarterContent/Textures/T_Rock_Basalt_N.uasset"
[2025.02.04-03.27.12:071][  0]LogPackFactory: Copied "../../../Samples/StarterContent/Content/StarterContent/Textures/T_Rock_Marble_Polished_D.uasset" to "../../../../../../Users/Griff/OneDrive/Documents/GitHub/hellsrc/ProjectHellInsurance/Content/StarterContent/Textures/T_Rock_Marble_Polished_D.uasset"
[2025.02.04-03.27.12:082][  0]LogPackFactory: Copied "../../../Samples/StarterContent/Content/StarterContent/Textures/T_Rock_Sandstone_D.uasset" to "../../../../../../Users/Griff/OneDrive/Documents/GitHub/hellsrc/ProjectHellInsurance/Content/StarterContent/Textures/T_Rock_Sandstone_D.uasset"
[2025.02.04-03.27.12:100][  0]LogPackFactory: Copied "../../../Samples/StarterContent/Content/StarterContent/Textures/T_Rock_Sandstone_N.uasset" to "../../../../../../Users/Griff/OneDrive/Documents/GitHub/hellsrc/ProjectHellInsurance/Content/StarterContent/Textures/T_Rock_Sandstone_N.uasset"
[2025.02.04-03.27.12:142][  0]LogPackFactory: Copied "../../../Samples/StarterContent/Content/StarterContent/Textures/T_Rock_Slate_D.uasset" to "../../../../../../Users/Griff/OneDrive/Documents/GitHub/hellsrc/ProjectHellInsurance/Content/StarterContent/Textures/T_Rock_Slate_D.uasset"
[2025.02.04-03.27.12:185][  0]LogPackFactory: Copied "../../../Samples/StarterContent/Content/StarterContent/Textures/T_Rock_Slate_N.uasset" to "../../../../../../Users/Griff/OneDrive/Documents/GitHub/hellsrc/ProjectHellInsurance/Content/StarterContent/Textures/T_Rock_Slate_N.uasset"
[2025.02.04-03.27.12:288][  0]LogPackFactory: Copied "../../../Samples/StarterContent/Content/StarterContent/Textures/T_Rock_Smooth_Granite_D.uasset" to "../../../../../../Users/Griff/OneDrive/Documents/GitHub/hellsrc/ProjectHellInsurance/Content/StarterContent/Textures/T_Rock_Smooth_Granite_D.uasset"
[2025.02.04-03.27.12:298][  0]LogPackFactory: Copied "../../../Samples/StarterContent/Content/StarterContent/Textures/T_Shelf_M.uasset" to "../../../../../../Users/Griff/OneDrive/Documents/GitHub/hellsrc/ProjectHellInsurance/Content/StarterContent/Textures/T_Shelf_M.uasset"
[2025.02.04-03.27.12:319][  0]LogPackFactory: Copied "../../../Samples/StarterContent/Content/StarterContent/Textures/T_Shelf_N.uasset" to "../../../../../../Users/Griff/OneDrive/Documents/GitHub/hellsrc/ProjectHellInsurance/Content/StarterContent/Textures/T_Shelf_N.uasset"
[2025.02.04-03.27.12:329][  0]LogPackFactory: Copied "../../../Samples/StarterContent/Content/StarterContent/Textures/T_Single_Tile_N.uasset" to "../../../../../../Users/Griff/OneDrive/Documents/GitHub/hellsrc/ProjectHellInsurance/Content/StarterContent/Textures/T_Single_Tile_N.uasset"
[2025.02.04-03.27.12:355][  0]LogPackFactory: Copied "../../../Samples/StarterContent/Content/StarterContent/Textures/T_Smoke_SubUV.uasset" to "../../../../../../Users/Griff/OneDrive/Documents/GitHub/hellsrc/ProjectHellInsurance/Content/StarterContent/Textures/T_Smoke_SubUV.uasset"
[2025.02.04-03.27.12:362][  0]LogPackFactory: Copied "../../../Samples/StarterContent/Content/StarterContent/Textures/T_Smoke_Tiled_D.uasset" to "../../../../../../Users/Griff/OneDrive/Documents/GitHub/hellsrc/ProjectHellInsurance/Content/StarterContent/Textures/T_Smoke_Tiled_D.uasset"
[2025.02.04-03.27.12:372][  0]LogPackFactory: Copied "../../../Samples/StarterContent/Content/StarterContent/Textures/T_Spark_Core.uasset" to "../../../../../../Users/Griff/OneDrive/Documents/GitHub/hellsrc/ProjectHellInsurance/Content/StarterContent/Textures/T_Spark_Core.uasset"
[2025.02.04-03.27.12:388][  0]LogPackFactory: Copied "../../../Samples/StarterContent/Content/StarterContent/Textures/T_Statue_M.uasset" to "../../../../../../Users/Griff/OneDrive/Documents/GitHub/hellsrc/ProjectHellInsurance/Content/StarterContent/Textures/T_Statue_M.uasset"
[2025.02.04-03.27.12:396][  0]LogPackFactory: Copied "../../../Samples/StarterContent/Content/StarterContent/Textures/T_Statue_N.uasset" to "../../../../../../Users/Griff/OneDrive/Documents/GitHub/hellsrc/ProjectHellInsurance/Content/StarterContent/Textures/T_Statue_N.uasset"
[2025.02.04-03.27.12:403][  0]LogPackFactory: Copied "../../../Samples/StarterContent/Content/StarterContent/Textures/T_TableRound_M.uasset" to "../../../../../../Users/Griff/OneDrive/Documents/GitHub/hellsrc/ProjectHellInsurance/Content/StarterContent/Textures/T_TableRound_M.uasset"
[2025.02.04-03.27.12:426][  0]LogPackFactory: Copied "../../../Samples/StarterContent/Content/StarterContent/Textures/T_TableRound_N.uasset" to "../../../../../../Users/Griff/OneDrive/Documents/GitHub/hellsrc/ProjectHellInsurance/Content/StarterContent/Textures/T_TableRound_N.uasset"
[2025.02.04-03.27.12:435][  0]LogPackFactory: Copied "../../../Samples/StarterContent/Content/StarterContent/Textures/T_Tech_Dot_M.uasset" to "../../../../../../Users/Griff/OneDrive/Documents/GitHub/hellsrc/ProjectHellInsurance/Content/StarterContent/Textures/T_Tech_Dot_M.uasset"
[2025.02.04-03.27.12:443][  0]LogPackFactory: Copied "../../../Samples/StarterContent/Content/StarterContent/Textures/T_Tech_Dot_N.uasset" to "../../../../../../Users/Griff/OneDrive/Documents/GitHub/hellsrc/ProjectHellInsurance/Content/StarterContent/Textures/T_Tech_Dot_N.uasset"
[2025.02.04-03.27.12:453][  0]LogPackFactory: Copied "../../../Samples/StarterContent/Content/StarterContent/Textures/T_Tech_Hex_Tile_M.uasset" to "../../../../../../Users/Griff/OneDrive/Documents/GitHub/hellsrc/ProjectHellInsurance/Content/StarterContent/Textures/T_Tech_Hex_Tile_M.uasset"
[2025.02.04-03.27.12:472][  0]LogPackFactory: Copied "../../../Samples/StarterContent/Content/StarterContent/Textures/T_Tech_Hex_Tile_N.uasset" to "../../../../../../Users/Griff/OneDrive/Documents/GitHub/hellsrc/ProjectHellInsurance/Content/StarterContent/Textures/T_Tech_Hex_Tile_N.uasset"
[2025.02.04-03.27.12:477][  0]LogPackFactory: Copied "../../../Samples/StarterContent/Content/StarterContent/Textures/T_Tech_Panel_M.uasset" to "../../../../../../Users/Griff/OneDrive/Documents/GitHub/hellsrc/ProjectHellInsurance/Content/StarterContent/Textures/T_Tech_Panel_M.uasset"
[2025.02.04-03.27.12:491][  0]LogPackFactory: Copied "../../../Samples/StarterContent/Content/StarterContent/Textures/T_Tech_Panel_N.uasset" to "../../../../../../Users/Griff/OneDrive/Documents/GitHub/hellsrc/ProjectHellInsurance/Content/StarterContent/Textures/T_Tech_Panel_N.uasset"
[2025.02.04-03.27.12:511][  0]LogPackFactory: Copied "../../../Samples/StarterContent/Content/StarterContent/Textures/T_Water_M.uasset" to "../../../../../../Users/Griff/OneDrive/Documents/GitHub/hellsrc/ProjectHellInsurance/Content/StarterContent/Textures/T_Water_M.uasset"
[2025.02.04-03.27.12:539][  0]LogPackFactory: Copied "../../../Samples/StarterContent/Content/StarterContent/Textures/T_Water_N.uasset" to "../../../../../../Users/Griff/OneDrive/Documents/GitHub/hellsrc/ProjectHellInsurance/Content/StarterContent/Textures/T_Water_N.uasset"
[2025.02.04-03.27.12:548][  0]LogPackFactory: Copied "../../../Samples/StarterContent/Content/StarterContent/Textures/T_Wood_Floor_Walnut_D.uasset" to "../../../../../../Users/Griff/OneDrive/Documents/GitHub/hellsrc/ProjectHellInsurance/Content/StarterContent/Textures/T_Wood_Floor_Walnut_D.uasset"
[2025.02.04-03.27.12:565][  0]LogPackFactory: Copied "../../../Samples/StarterContent/Content/StarterContent/Textures/T_Wood_Floor_Walnut_M.uasset" to "../../../../../../Users/Griff/OneDrive/Documents/GitHub/hellsrc/ProjectHellInsurance/Content/StarterContent/Textures/T_Wood_Floor_Walnut_M.uasset"
[2025.02.04-03.27.12:574][  0]LogPackFactory: Copied "../../../Samples/StarterContent/Content/StarterContent/Textures/T_Wood_Floor_Walnut_N.uasset" to "../../../../../../Users/Griff/OneDrive/Documents/GitHub/hellsrc/ProjectHellInsurance/Content/StarterContent/Textures/T_Wood_Floor_Walnut_N.uasset"
[2025.02.04-03.27.12:583][  0]LogPackFactory: Copied "../../../Samples/StarterContent/Content/StarterContent/Textures/T_Wood_Oak_D.uasset" to "../../../../../../Users/Griff/OneDrive/Documents/GitHub/hellsrc/ProjectHellInsurance/Content/StarterContent/Textures/T_Wood_Oak_D.uasset"
[2025.02.04-03.27.12:591][  0]LogPackFactory: Copied "../../../Samples/StarterContent/Content/StarterContent/Textures/T_Wood_Oak_N.uasset" to "../../../../../../Users/Griff/OneDrive/Documents/GitHub/hellsrc/ProjectHellInsurance/Content/StarterContent/Textures/T_Wood_Oak_N.uasset"
[2025.02.04-03.27.12:603][  0]LogPackFactory: Copied "../../../Samples/StarterContent/Content/StarterContent/Textures/T_Wood_Pine_D.uasset" to "../../../../../../Users/Griff/OneDrive/Documents/GitHub/hellsrc/ProjectHellInsurance/Content/StarterContent/Textures/T_Wood_Pine_D.uasset"
[2025.02.04-03.27.12:608][  0]LogPackFactory: Copied "../../../Samples/StarterContent/Content/StarterContent/Textures/T_Wood_Pine_N.uasset" to "../../../../../../Users/Griff/OneDrive/Documents/GitHub/hellsrc/ProjectHellInsurance/Content/StarterContent/Textures/T_Wood_Pine_N.uasset"
[2025.02.04-03.27.12:614][  0]LogPackFactory: Copied "../../../Samples/StarterContent/Content/StarterContent/Textures/T_Wood_Walnut_D.uasset" to "../../../../../../Users/Griff/OneDrive/Documents/GitHub/hellsrc/ProjectHellInsurance/Content/StarterContent/Textures/T_Wood_Walnut_D.uasset"
[2025.02.04-03.27.12:622][  0]LogPackFactory: Copied "../../../Samples/StarterContent/Content/StarterContent/Textures/T_Wood_Walnut_N.uasset" to "../../../../../../Users/Griff/OneDrive/Documents/GitHub/hellsrc/ProjectHellInsurance/Content/StarterContent/Textures/T_Wood_Walnut_N.uasset"
[2025.02.04-03.27.12:775][  0]LogRenderer: Reallocating scene render targets to support 256x256 Format 10 NumSamples 1 (Frame:1).
[2025.02.04-03.27.12:921][  0]LogSavePackage: Moving '../../../../../../Users/Griff/OneDrive/Documents/GitHub/hellsrc/ProjectHellInsurance/Saved/Floor_400x4005D457FC146B4963C0A7E809FE95282EB.tmp' to '../../../../../../Users/Griff/OneDrive/Documents/GitHub/hellsrc/ProjectHellInsurance/Content/StarterContent/Architecture/Floor_400x400.uasset'
[2025.02.04-03.27.12:925][  0]LogFeaturePack: Warning: Inserted 1 feature packs
[2025.02.04-03.27.12:926][  0]Cmd: MAP LOAD FILE="../../../../../../Users/Griff/OneDrive/Documents/GitHub/hellsrc/ProjectHellInsurance/Content/TopDownBP/Maps/TopDownExampleMap.umap" TEMPLATE=0 SHOWPROGRESS=1 FEATURELEVEL=3
[2025.02.04-03.27.12:928][  0]LightingResults: New page: Lighting Build
[2025.02.04-03.27.12:942][  0]LogWorld: UWorld::CleanupWorld for Untitled, bSessionEnded=true, bCleanupResources=true
[2025.02.04-03.27.12:949][  0]LogSlate: InvalidateAllWidgets triggered.  All widgets were invalidated
[2025.02.04-03.27.12:956][  0]MapCheck: New page: Map Check
[2025.02.04-03.27.12:956][  0]LightingResults: New page: Lighting Build
[2025.02.04-03.27.12:986][  0]LogAudio: Display: Audio Device unregistered from world 'None'.
[2025.02.04-03.27.13:027][  0]LogUObjectHash: Compacting FUObjectHashTables data took   1.48ms
[2025.02.04-03.27.13:361][  0]LogTexture: Display: Building textures: DeprecatedTextureFA79271141B0C16E0AB806B8FE9AB1E1 (BGRA8, 128X128)
[2025.02.04-03.27.13:585][  0]LogAudio: Display: Audio Device (ID: 1) registered with world 'TopDownExampleMap'.
[2025.02.04-03.27.13:585][  0]LogAIModule: Creating AISystem for world TopDownExampleMap
[2025.02.04-03.27.13:939][  0]LogEditorServer: Finished looking for orphan Actors (0.000 secs)
[2025.02.04-03.27.13:948][  0]LogNavigationDataBuild: Display:    Building NavData:  Name Default class /Script/NavigationSystem.RecastNavMesh agent radius 35.0.
[2025.02.04-03.27.13:966][  0]LogUObjectHash: Compacting FUObjectHashTables data took   0.86ms
[2025.02.04-03.27.13:968][  0]Cmd: MAP CHECKDEP NOCLEARLOG
[2025.02.04-03.27.13:968][  0]MapCheck: Map check complete: 0 Error(s), 0 Warning(s), took 0.19ms to complete.
[2025.02.04-03.27.13:968][  0]LogFileHelpers: Loading map 'TopDownExampleMap' took 1.043
[2025.02.04-03.27.14:065][  0]LogUnrealEdMisc: Total Editor Startup Time, took 18.949
[2025.02.04-03.27.14:321][  0]LogSlate: Updating window title bar state: overlay mode, drag disabled, window buttons hidden, title bar hidden
[2025.02.04-03.27.14:327][  0]LogSlate: Updating window title bar state: overlay mode, drag disabled, window buttons hidden, title bar hidden
[2025.02.04-03.27.14:336][  0]LogSlate: Updating window title bar state: overlay mode, drag disabled, window buttons hidden, title bar hidden
[2025.02.04-03.27.14:341][  0]LogSlate: Updating window title bar state: overlay mode, drag disabled, window buttons hidden, title bar hidden
[2025.02.04-03.27.14:401][  0]LogNativeClassHierarchy: Verbose: Native class hierarchy populated in 0.0101 seconds. Added 3822 classes and 928 folders.
[2025.02.04-03.27.14:418][  0]LogNativeClassHierarchy: Verbose: Native class hierarchy updated for 'WidgetCarousel' in 0.0002 seconds. Added 0 classes and 0 folders.
[2025.02.04-03.27.14:428][  0]LogPakFile: PakFile PrimaryIndexSize=187
[2025.02.04-03.27.14:428][  0]LogPakFile: PakFile PathHashIndexSize=101
[2025.02.04-03.27.14:428][  0]LogPakFile: PakFile FullDirectoryIndexSize=148
[2025.02.04-03.27.14:429][  0]LogShaderLibrary: Display: ShaderCodeLibraryPakFileMountedCallback: PakFile 'C:/Program Files/Epic Games/UE_4.27/FeaturePacks/FP_FirstPerson.upack' (chunk index -1, root 'root:/') mounted
[2025.02.04-03.27.14:429][  0]LogShaderLibrary: Display: ShaderCodeLibraryPakFileMountedCallback: pending pak file info (ChunkID:-1 Root:root:/ File:C:/Program Files/Epic Games/UE_4.27/FeaturePacks/FP_FirstPerson.upack)
[2025.02.04-03.27.14:429][  0]LogPakFile: OnPakFileMounted2Time == 0.001062
[2025.02.04-03.27.14:437][  0]LogPakFile: PakFile PrimaryIndexSize=189
[2025.02.04-03.27.14:437][  0]LogPakFile: PakFile PathHashIndexSize=101
[2025.02.04-03.27.14:437][  0]LogPakFile: PakFile FullDirectoryIndexSize=152
[2025.02.04-03.27.14:437][  0]LogShaderLibrary: Display: ShaderCodeLibraryPakFileMountedCallback: PakFile 'C:/Program Files/Epic Games/UE_4.27/FeaturePacks/FP_FirstPersonBP.upack' (chunk index -1, root 'root:/') mounted
[2025.02.04-03.27.14:437][  0]LogShaderLibrary: Display: ShaderCodeLibraryPakFileMountedCallback: pending pak file info (ChunkID:-1 Root:root:/ File:C:/Program Files/Epic Games/UE_4.27/FeaturePacks/FP_FirstPersonBP.upack)
[2025.02.04-03.27.14:437][  0]LogPakFile: OnPakFileMounted2Time == 0.000045
[2025.02.04-03.27.14:440][  0]LogPakFile: PakFile PrimaryIndexSize=191
[2025.02.04-03.27.14:440][  0]LogPakFile: PakFile PathHashIndexSize=101
[2025.02.04-03.27.14:440][  0]LogPakFile: PakFile FullDirectoryIndexSize=160
[2025.02.04-03.27.14:440][  0]LogShaderLibrary: Display: ShaderCodeLibraryPakFileMountedCallback: PakFile 'C:/Program Files/Epic Games/UE_4.27/FeaturePacks/MobileStarterContent.upack' (chunk index -1, root 'root:/') mounted
[2025.02.04-03.27.14:440][  0]LogShaderLibrary: Display: ShaderCodeLibraryPakFileMountedCallback: pending pak file info (ChunkID:-1 Root:root:/ File:C:/Program Files/Epic Games/UE_4.27/FeaturePacks/MobileStarterContent.upack)
[2025.02.04-03.27.14:440][  0]LogPakFile: OnPakFileMounted2Time == 0.000040
[2025.02.04-03.27.14:443][  0]LogPakFile: PakFile PrimaryIndexSize=185
[2025.02.04-03.27.14:443][  0]LogPakFile: PakFile PathHashIndexSize=101
[2025.02.04-03.27.14:443][  0]LogPakFile: PakFile FullDirectoryIndexSize=148
[2025.02.04-03.27.14:443][  0]LogShaderLibrary: Display: ShaderCodeLibraryPakFileMountedCallback: PakFile 'C:/Program Files/Epic Games/UE_4.27/FeaturePacks/StarterContent.upack' (chunk index -1, root 'root:/') mounted
[2025.02.04-03.27.14:443][  0]LogShaderLibrary: Display: ShaderCodeLibraryPakFileMountedCallback: pending pak file info (ChunkID:-1 Root:root:/ File:C:/Program Files/Epic Games/UE_4.27/FeaturePacks/StarterContent.upack)
[2025.02.04-03.27.14:443][  0]LogPakFile: OnPakFileMounted2Time == 0.000051
[2025.02.04-03.27.14:449][  0]LogPakFile: PakFile PrimaryIndexSize=190
[2025.02.04-03.27.14:449][  0]LogPakFile: PakFile PathHashIndexSize=101
[2025.02.04-03.27.14:449][  0]LogPakFile: PakFile FullDirectoryIndexSize=154
[2025.02.04-03.27.14:449][  0]LogShaderLibrary: Display: ShaderCodeLibraryPakFileMountedCallback: PakFile 'C:/Program Files/Epic Games/UE_4.27/FeaturePacks/TP_2DSideScroller.upack' (chunk index -1, root 'root:/') mounted
[2025.02.04-03.27.14:449][  0]LogShaderLibrary: Display: ShaderCodeLibraryPakFileMountedCallback: pending pak file info (ChunkID:-1 Root:root:/ File:C:/Program Files/Epic Games/UE_4.27/FeaturePacks/TP_2DSideScroller.upack)
[2025.02.04-03.27.14:449][  0]LogPakFile: OnPakFileMounted2Time == 0.000046
[2025.02.04-03.27.14:451][  0]LogPakFile: PakFile PrimaryIndexSize=192
[2025.02.04-03.27.14:451][  0]LogPakFile: PakFile PathHashIndexSize=101
[2025.02.04-03.27.14:451][  0]LogPakFile: PakFile FullDirectoryIndexSize=158
[2025.02.04-03.27.14:451][  0]LogShaderLibrary: Display: ShaderCodeLibraryPakFileMountedCallback: PakFile 'C:/Program Files/Epic Games/UE_4.27/FeaturePacks/TP_2DSideScrollerBP.upack' (chunk index -1, root 'root:/') mounted
[2025.02.04-03.27.14:451][  0]LogShaderLibrary: Display: ShaderCodeLibraryPakFileMountedCallback: pending pak file info (ChunkID:-1 Root:root:/ File:C:/Program Files/Epic Games/UE_4.27/FeaturePacks/TP_2DSideScrollerBP.upack)
[2025.02.04-03.27.14:451][  0]LogPakFile: OnPakFileMounted2Time == 0.000039
[2025.02.04-03.27.14:454][  0]LogPakFile: PakFile PrimaryIndexSize=182
[2025.02.04-03.27.14:454][  0]LogPakFile: PakFile PathHashIndexSize=101
[2025.02.04-03.27.14:454][  0]LogPakFile: PakFile FullDirectoryIndexSize=138
[2025.02.04-03.27.14:454][  0]LogShaderLibrary: Display: ShaderCodeLibraryPakFileMountedCallback: PakFile 'C:/Program Files/Epic Games/UE_4.27/FeaturePacks/TP_Flying.upack' (chunk index -1, root 'root:/') mounted
[2025.02.04-03.27.14:454][  0]LogShaderLibrary: Display: ShaderCodeLibraryPakFileMountedCallback: pending pak file info (ChunkID:-1 Root:root:/ File:C:/Program Files/Epic Games/UE_4.27/FeaturePacks/TP_Flying.upack)
[2025.02.04-03.27.14:454][  0]LogPakFile: OnPakFileMounted2Time == 0.000032
[2025.02.04-03.27.14:455][  0]LogPakFile: PakFile PrimaryIndexSize=184
[2025.02.04-03.27.14:455][  0]LogPakFile: PakFile PathHashIndexSize=101
[2025.02.04-03.27.14:455][  0]LogPakFile: PakFile FullDirectoryIndexSize=142
[2025.02.04-03.27.14:455][  0]LogShaderLibrary: Display: ShaderCodeLibraryPakFileMountedCallback: PakFile 'C:/Program Files/Epic Games/UE_4.27/FeaturePacks/TP_FlyingBP.upack' (chunk index -1, root 'root:/') mounted
[2025.02.04-03.27.14:455][  0]LogShaderLibrary: Display: ShaderCodeLibraryPakFileMountedCallback: pending pak file info (ChunkID:-1 Root:root:/ File:C:/Program Files/Epic Games/UE_4.27/FeaturePacks/TP_FlyingBP.upack)
[2025.02.04-03.27.14:455][  0]LogPakFile: OnPakFileMounted2Time == 0.000035
[2025.02.04-03.27.14:458][  0]LogPakFile: PakFile PrimaryIndexSize=188
[2025.02.04-03.27.14:458][  0]LogPakFile: PakFile PathHashIndexSize=101
[2025.02.04-03.27.14:458][  0]LogPakFile: PakFile FullDirectoryIndexSize=150
[2025.02.04-03.27.14:458][  0]LogShaderLibrary: Display: ShaderCodeLibraryPakFileMountedCallback: PakFile 'C:/Program Files/Epic Games/UE_4.27/FeaturePacks/TP_HandheldARBP.upack' (chunk index -1, root 'root:/') mounted
[2025.02.04-03.27.14:458][  0]LogShaderLibrary: Display: ShaderCodeLibraryPakFileMountedCallback: pending pak file info (ChunkID:-1 Root:root:/ File:C:/Program Files/Epic Games/UE_4.27/FeaturePacks/TP_HandheldARBP.upack)
[2025.02.04-03.27.14:458][  0]LogPakFile: OnPakFileMounted2Time == 0.000046
[2025.02.04-03.27.14:463][  0]LogPakFile: PakFile PrimaryIndexSize=182
[2025.02.04-03.27.14:463][  0]LogPakFile: PakFile PathHashIndexSize=101
[2025.02.04-03.27.14:463][  0]LogPakFile: PakFile FullDirectoryIndexSize=138
[2025.02.04-03.27.14:463][  0]LogShaderLibrary: Display: ShaderCodeLibraryPakFileMountedCallback: PakFile 'C:/Program Files/Epic Games/UE_4.27/FeaturePacks/TP_Puzzle.upack' (chunk index -1, root 'root:/') mounted
[2025.02.04-03.27.14:463][  0]LogShaderLibrary: Display: ShaderCodeLibraryPakFileMountedCallback: pending pak file info (ChunkID:-1 Root:root:/ File:C:/Program Files/Epic Games/UE_4.27/FeaturePacks/TP_Puzzle.upack)
[2025.02.04-03.27.14:463][  0]LogPakFile: OnPakFileMounted2Time == 0.000047
[2025.02.04-03.27.14:466][  0]LogPakFile: PakFile PrimaryIndexSize=184
[2025.02.04-03.27.14:466][  0]LogPakFile: PakFile PathHashIndexSize=101
[2025.02.04-03.27.14:466][  0]LogPakFile: PakFile FullDirectoryIndexSize=142
[2025.02.04-03.27.14:466][  0]LogShaderLibrary: Display: ShaderCodeLibraryPakFileMountedCallback: PakFile 'C:/Program Files/Epic Games/UE_4.27/FeaturePacks/TP_PuzzleBP.upack' (chunk index -1, root 'root:/') mounted
[2025.02.04-03.27.14:466][  0]LogShaderLibrary: Display: ShaderCodeLibraryPakFileMountedCallback: pending pak file info (ChunkID:-1 Root:root:/ File:C:/Program Files/Epic Games/UE_4.27/FeaturePacks/TP_PuzzleBP.upack)
[2025.02.04-03.27.14:466][  0]LogPakFile: OnPakFileMounted2Time == 0.000036
[2025.02.04-03.27.14:468][  0]LogPakFile: PakFile PrimaryIndexSize=183
[2025.02.04-03.27.14:468][  0]LogPakFile: PakFile PathHashIndexSize=101
[2025.02.04-03.27.14:468][  0]LogPakFile: PakFile FullDirectoryIndexSize=140
[2025.02.04-03.27.14:468][  0]LogShaderLibrary: Display: ShaderCodeLibraryPakFileMountedCallback: PakFile 'C:/Program Files/Epic Games/UE_4.27/FeaturePacks/TP_Rolling.upack' (chunk index -1, root 'root:/') mounted
[2025.02.04-03.27.14:468][  0]LogShaderLibrary: Display: ShaderCodeLibraryPakFileMountedCallback: pending pak file info (ChunkID:-1 Root:root:/ File:C:/Program Files/Epic Games/UE_4.27/FeaturePacks/TP_Rolling.upack)
[2025.02.04-03.27.14:468][  0]LogPakFile: OnPakFileMounted2Time == 0.000036
[2025.02.04-03.27.14:469][  0]LogPakFile: PakFile PrimaryIndexSize=185
[2025.02.04-03.27.14:469][  0]LogPakFile: PakFile PathHashIndexSize=101
[2025.02.04-03.27.14:469][  0]LogPakFile: PakFile FullDirectoryIndexSize=144
[2025.02.04-03.27.14:469][  0]LogShaderLibrary: Display: ShaderCodeLibraryPakFileMountedCallback: PakFile 'C:/Program Files/Epic Games/UE_4.27/FeaturePacks/TP_RollingBP.upack' (chunk index -1, root 'root:/') mounted
[2025.02.04-03.27.14:469][  0]LogShaderLibrary: Display: ShaderCodeLibraryPakFileMountedCallback: pending pak file info (ChunkID:-1 Root:root:/ File:C:/Program Files/Epic Games/UE_4.27/FeaturePacks/TP_RollingBP.upack)
[2025.02.04-03.27.14:469][  0]LogPakFile: OnPakFileMounted2Time == 0.000037
[2025.02.04-03.27.14:471][  0]LogPakFile: PakFile PrimaryIndexSize=188
[2025.02.04-03.27.14:471][  0]LogPakFile: PakFile PathHashIndexSize=101
[2025.02.04-03.27.14:471][  0]LogPakFile: PakFile FullDirectoryIndexSize=150
[2025.02.04-03.27.14:472][  0]LogShaderLibrary: Display: ShaderCodeLibraryPakFileMountedCallback: PakFile 'C:/Program Files/Epic Games/UE_4.27/FeaturePacks/TP_SideScroller.upack' (chunk index -1, root 'root:/') mounted
[2025.02.04-03.27.14:472][  0]LogShaderLibrary: Display: ShaderCodeLibraryPakFileMountedCallback: pending pak file info (ChunkID:-1 Root:root:/ File:C:/Program Files/Epic Games/UE_4.27/FeaturePacks/TP_SideScroller.upack)
[2025.02.04-03.27.14:472][  0]LogPakFile: OnPakFileMounted2Time == 0.000039
[2025.02.04-03.27.14:473][  0]LogPakFile: PakFile PrimaryIndexSize=190
[2025.02.04-03.27.14:473][  0]LogPakFile: PakFile PathHashIndexSize=101
[2025.02.04-03.27.14:474][  0]LogPakFile: PakFile FullDirectoryIndexSize=154
[2025.02.04-03.27.14:474][  0]LogShaderLibrary: Display: ShaderCodeLibraryPakFileMountedCallback: PakFile 'C:/Program Files/Epic Games/UE_4.27/FeaturePacks/TP_SideScrollerBP.upack' (chunk index -1, root 'root:/') mounted
[2025.02.04-03.27.14:474][  0]LogShaderLibrary: Display: ShaderCodeLibraryPakFileMountedCallback: pending pak file info (ChunkID:-1 Root:root:/ File:C:/Program Files/Epic Games/UE_4.27/FeaturePacks/TP_SideScrollerBP.upack)
[2025.02.04-03.27.14:474][  0]LogPakFile: OnPakFileMounted2Time == 0.000044
[2025.02.04-03.27.14:476][  0]LogPakFile: PakFile PrimaryIndexSize=187
[2025.02.04-03.27.14:476][  0]LogPakFile: PakFile PathHashIndexSize=101
[2025.02.04-03.27.14:476][  0]LogPakFile: PakFile FullDirectoryIndexSize=148
[2025.02.04-03.27.14:476][  0]LogShaderLibrary: Display: ShaderCodeLibraryPakFileMountedCallback: PakFile 'C:/Program Files/Epic Games/UE_4.27/FeaturePacks/TP_ThirdPerson.upack' (chunk index -1, root 'root:/') mounted
[2025.02.04-03.27.14:476][  0]LogShaderLibrary: Display: ShaderCodeLibraryPakFileMountedCallback: pending pak file info (ChunkID:-1 Root:root:/ File:C:/Program Files/Epic Games/UE_4.27/FeaturePacks/TP_ThirdPerson.upack)
[2025.02.04-03.27.14:476][  0]LogPakFile: OnPakFileMounted2Time == 0.000053
[2025.02.04-03.27.14:478][  0]LogPakFile: PakFile PrimaryIndexSize=189
[2025.02.04-03.27.14:478][  0]LogPakFile: PakFile PathHashIndexSize=101
[2025.02.04-03.27.14:478][  0]LogPakFile: PakFile FullDirectoryIndexSize=152
[2025.02.04-03.27.14:478][  0]LogShaderLibrary: Display: ShaderCodeLibraryPakFileMountedCallback: PakFile 'C:/Program Files/Epic Games/UE_4.27/FeaturePacks/TP_ThirdPersonBP.upack' (chunk index -1, root 'root:/') mounted
[2025.02.04-03.27.14:478][  0]LogShaderLibrary: Display: ShaderCodeLibraryPakFileMountedCallback: pending pak file info (ChunkID:-1 Root:root:/ File:C:/Program Files/Epic Games/UE_4.27/FeaturePacks/TP_ThirdPersonBP.upack)
[2025.02.04-03.27.14:478][  0]LogPakFile: OnPakFileMounted2Time == 0.000039
[2025.02.04-03.27.14:480][  0]LogPakFile: PakFile PrimaryIndexSize=183
[2025.02.04-03.27.14:480][  0]LogPakFile: PakFile PathHashIndexSize=101
[2025.02.04-03.27.14:480][  0]LogPakFile: PakFile FullDirectoryIndexSize=140
[2025.02.04-03.27.14:480][  0]LogShaderLibrary: Display: ShaderCodeLibraryPakFileMountedCallback: PakFile 'C:/Program Files/Epic Games/UE_4.27/FeaturePacks/TP_TopDown.upack' (chunk index -1, root 'root:/') mounted
[2025.02.04-03.27.14:480][  0]LogShaderLibrary: Display: ShaderCodeLibraryPakFileMountedCallback: pending pak file info (ChunkID:-1 Root:root:/ File:C:/Program Files/Epic Games/UE_4.27/FeaturePacks/TP_TopDown.upack)
[2025.02.04-03.27.14:480][  0]LogPakFile: OnPakFileMounted2Time == 0.000049
[2025.02.04-03.27.14:482][  0]LogPakFile: PakFile PrimaryIndexSize=185
[2025.02.04-03.27.14:482][  0]LogPakFile: PakFile PathHashIndexSize=101
[2025.02.04-03.27.14:482][  0]LogPakFile: PakFile FullDirectoryIndexSize=144
[2025.02.04-03.27.14:482][  0]LogShaderLibrary: Display: ShaderCodeLibraryPakFileMountedCallback: PakFile 'C:/Program Files/Epic Games/UE_4.27/FeaturePacks/TP_TopDownBP.upack' (chunk index -1, root 'root:/') mounted
[2025.02.04-03.27.14:482][  0]LogShaderLibrary: Display: ShaderCodeLibraryPakFileMountedCallback: pending pak file info (ChunkID:-1 Root:root:/ File:C:/Program Files/Epic Games/UE_4.27/FeaturePacks/TP_TopDownBP.upack)
[2025.02.04-03.27.14:482][  0]LogPakFile: OnPakFileMounted2Time == 0.000043
[2025.02.04-03.27.14:484][  0]LogPakFile: PakFile PrimaryIndexSize=185
[2025.02.04-03.27.14:484][  0]LogPakFile: PakFile PathHashIndexSize=101
[2025.02.04-03.27.14:484][  0]LogPakFile: PakFile FullDirectoryIndexSize=144
[2025.02.04-03.27.14:484][  0]LogShaderLibrary: Display: ShaderCodeLibraryPakFileMountedCallback: PakFile 'C:/Program Files/Epic Games/UE_4.27/FeaturePacks/TP_TwinStick.upack' (chunk index -1, root 'root:/') mounted
[2025.02.04-03.27.14:484][  0]LogShaderLibrary: Display: ShaderCodeLibraryPakFileMountedCallback: pending pak file info (ChunkID:-1 Root:root:/ File:C:/Program Files/Epic Games/UE_4.27/FeaturePacks/TP_TwinStick.upack)
[2025.02.04-03.27.14:484][  0]LogPakFile: OnPakFileMounted2Time == 0.000037
[2025.02.04-03.27.14:487][  0]LogPakFile: PakFile PrimaryIndexSize=187
[2025.02.04-03.27.14:487][  0]LogPakFile: PakFile PathHashIndexSize=101
[2025.02.04-03.27.14:487][  0]LogPakFile: PakFile FullDirectoryIndexSize=148
[2025.02.04-03.27.14:487][  0]LogShaderLibrary: Display: ShaderCodeLibraryPakFileMountedCallback: PakFile 'C:/Program Files/Epic Games/UE_4.27/FeaturePacks/TP_TwinStickBP.upack' (chunk index -1, root 'root:/') mounted
[2025.02.04-03.27.14:487][  0]LogShaderLibrary: Display: ShaderCodeLibraryPakFileMountedCallback: pending pak file info (ChunkID:-1 Root:root:/ File:C:/Program Files/Epic Games/UE_4.27/FeaturePacks/TP_TwinStickBP.upack)
[2025.02.04-03.27.14:487][  0]LogPakFile: OnPakFileMounted2Time == 0.000038
[2025.02.04-03.27.14:490][  0]LogPakFile: PakFile PrimaryIndexSize=183
[2025.02.04-03.27.14:490][  0]LogPakFile: PakFile PathHashIndexSize=101
[2025.02.04-03.27.14:490][  0]LogPakFile: PakFile FullDirectoryIndexSize=140
[2025.02.04-03.27.14:490][  0]LogShaderLibrary: Display: ShaderCodeLibraryPakFileMountedCallback: PakFile 'C:/Program Files/Epic Games/UE_4.27/FeaturePacks/TP_Vehicle.upack' (chunk index -1, root 'root:/') mounted
[2025.02.04-03.27.14:490][  0]LogShaderLibrary: Display: ShaderCodeLibraryPakFileMountedCallback: pending pak file info (ChunkID:-1 Root:root:/ File:C:/Program Files/Epic Games/UE_4.27/FeaturePacks/TP_Vehicle.upack)
[2025.02.04-03.27.14:490][  0]LogPakFile: OnPakFileMounted2Time == 0.000056
[2025.02.04-03.27.14:494][  0]LogPakFile: PakFile PrimaryIndexSize=186
[2025.02.04-03.27.14:494][  0]LogPakFile: PakFile PathHashIndexSize=101
[2025.02.04-03.27.14:494][  0]LogPakFile: PakFile FullDirectoryIndexSize=146
[2025.02.04-03.27.14:494][  0]LogShaderLibrary: Display: ShaderCodeLibraryPakFileMountedCallback: PakFile 'C:/Program Files/Epic Games/UE_4.27/FeaturePacks/TP_VehicleAdv.upack' (chunk index -1, root 'root:/') mounted
[2025.02.04-03.27.14:494][  0]LogShaderLibrary: Display: ShaderCodeLibraryPakFileMountedCallback: pending pak file info (ChunkID:-1 Root:root:/ File:C:/Program Files/Epic Games/UE_4.27/FeaturePacks/TP_VehicleAdv.upack)
[2025.02.04-03.27.14:494][  0]LogPakFile: OnPakFileMounted2Time == 0.000040
[2025.02.04-03.27.14:497][  0]LogPakFile: PakFile PrimaryIndexSize=188
[2025.02.04-03.27.14:497][  0]LogPakFile: PakFile PathHashIndexSize=101
[2025.02.04-03.27.14:497][  0]LogPakFile: PakFile FullDirectoryIndexSize=150
[2025.02.04-03.27.14:497][  0]LogShaderLibrary: Display: ShaderCodeLibraryPakFileMountedCallback: PakFile 'C:/Program Files/Epic Games/UE_4.27/FeaturePacks/TP_VehicleAdvBP.upack' (chunk index -1, root 'root:/') mounted
[2025.02.04-03.27.14:497][  0]LogShaderLibrary: Display: ShaderCodeLibraryPakFileMountedCallback: pending pak file info (ChunkID:-1 Root:root:/ File:C:/Program Files/Epic Games/UE_4.27/FeaturePacks/TP_VehicleAdvBP.upack)
[2025.02.04-03.27.14:497][  0]LogPakFile: OnPakFileMounted2Time == 0.000052
[2025.02.04-03.27.14:499][  0]LogPakFile: PakFile PrimaryIndexSize=185
[2025.02.04-03.27.14:499][  0]LogPakFile: PakFile PathHashIndexSize=101
[2025.02.04-03.27.14:499][  0]LogPakFile: PakFile FullDirectoryIndexSize=144
[2025.02.04-03.27.14:499][  0]LogShaderLibrary: Display: ShaderCodeLibraryPakFileMountedCallback: PakFile 'C:/Program Files/Epic Games/UE_4.27/FeaturePacks/TP_VehicleBP.upack' (chunk index -1, root 'root:/') mounted
[2025.02.04-03.27.14:499][  0]LogShaderLibrary: Display: ShaderCodeLibraryPakFileMountedCallback: pending pak file info (ChunkID:-1 Root:root:/ File:C:/Program Files/Epic Games/UE_4.27/FeaturePacks/TP_VehicleBP.upack)
[2025.02.04-03.27.14:499][  0]LogPakFile: OnPakFileMounted2Time == 0.000037
[2025.02.04-03.27.14:501][  0]LogPakFile: PakFile PrimaryIndexSize=192
[2025.02.04-03.27.14:501][  0]LogPakFile: PakFile PathHashIndexSize=101
[2025.02.04-03.27.14:501][  0]LogPakFile: PakFile FullDirectoryIndexSize=158
[2025.02.04-03.27.14:501][  0]LogShaderLibrary: Display: ShaderCodeLibraryPakFileMountedCallback: PakFile 'C:/Program Files/Epic Games/UE_4.27/FeaturePacks/TP_VirtualRealityBP.upack' (chunk index -1, root 'root:/') mounted
[2025.02.04-03.27.14:501][  0]LogShaderLibrary: Display: ShaderCodeLibraryPakFileMountedCallback: pending pak file info (ChunkID:-1 Root:root:/ File:C:/Program Files/Epic Games/UE_4.27/FeaturePacks/TP_VirtualRealityBP.upack)
[2025.02.04-03.27.14:501][  0]LogPakFile: OnPakFileMounted2Time == 0.000038
[2025.02.04-03.27.14:686][  0]LogNativeClassHierarchy: Verbose: Native class hierarchy updated for 'AddContentDialog' in 0.0002 seconds. Added 0 classes and 0 folders.
[2025.02.04-03.27.14:706][  0]LogNativeClassHierarchy: Verbose: Native class hierarchy updated for 'SceneOutliner' in 0.0003 seconds. Added 2 classes and 0 folders.
[2025.02.04-03.27.14:816][  0]LogSlate: Took 0.001950 seconds to synchronously load lazily loaded font '../../../Engine/Content/Slate/Fonts/Roboto-Regular.ttf' (155K)
[2025.02.04-03.27.14:819][  0]LogSlate: Took 0.000811 seconds to synchronously load lazily loaded font '../../../Engine/Content/Editor/Slate/Fonts/FontAwesome.ttf' (139K)
[2025.02.04-03.27.14:824][  0]LogSlate: Took 0.002602 seconds to synchronously load lazily loaded font '../../../Engine/Content/Slate/Fonts/Roboto-Bold.ttf' (160K)
[2025.02.04-03.27.14:898][  0]LogRenderer: Reallocating scene render targets to support 724x340 Format 10 NumSamples 1 (Frame:1).
[2025.02.04-03.27.14:977][  0]LogSlate: Took 0.001064 seconds to synchronously load lazily loaded font '../../../Engine/Content/Slate/Fonts/Roboto-Light.ttf' (167K)
[2025.02.04-03.27.15:153][  0]LogNativeClassHierarchy: Verbose: Native class hierarchy updated for 'HierarchicalLODOutliner' in 0.0008 seconds. Added 0 classes and 0 folders.
[2025.02.04-03.27.15:154][  0]LogInput: Warning: Action SetDestination uses invalid key OculusGo_Left_Trigger_Click.
[2025.02.04-03.27.15:154][  0]LogInput: Warning: Action ResetVR uses invalid key OculusGo_Left_Back_Click.
[2025.02.04-03.27.15:154][  0]LogInput: Warning: Use -RemoveInvalidKeys to remove instances of these keys from the action mapping.
[2025.02.04-03.27.15:155][  0]LogLoad: (Engine Initialization) Total time: 20.04 seconds
[2025.02.04-03.27.15:155][  0]LogLoad: (Engine Initialization) Total Blueprint compile time: 0.00 seconds
[2025.02.04-03.27.15:513][  0]AssetCheck: New page: Asset Save: Floor_400x400
[2025.02.04-03.27.15:519][  0]LogContentValidation: Display: Validating StaticMesh /Game/StarterContent/Architecture/Floor_400x400.Floor_400x400
[2025.02.04-03.27.15:659][  0]LogAssetRegistry: Asset discovery search completed in 13.2801 seconds
[2025.02.04-03.27.15:683][  0]LogCollectionManager: Fixed up redirectors for 0 collections in 0.000006 seconds (updated 0 objects)
[2025.02.04-03.27.15:687][  0]LogContentStreaming: Texture pool size now 1000 MB
[2025.02.04-03.31.54:736][315]LogUObjectHash: Compacting FUObjectHashTables data took   4.51ms
[2025.02.04-03.31.54:811][315]LogSlate: Window 'ProjectHellInsurance - Unreal Editor' being destroyed
[2025.02.04-03.31.55:055][316]Cmd: QUIT_EDITOR
[2025.02.04-03.31.55:056][316]LogCore: Engine exit requested (reason: UUnrealEdEngine::CloseEditor())
[2025.02.04-03.31.55:081][316]LogCore: Engine exit requested (reason: EngineExit() was called; note: exit was already requested)
[2025.02.04-03.31.55:124][316]LogAudio: Display: Beginning Audio Device Manager Shutdown (Module: AudioMixerXAudio2)...
[2025.02.04-03.31.55:125][316]LogAudio: Display: Destroying 1 Remaining Audio Device(s)...
[2025.02.04-03.31.55:126][316]LogAudio: Display: Audio Device unregistered from world 'TopDownExampleMap'.
[2025.02.04-03.31.55:136][316]LogAudioMixer: FMixerPlatformXAudio2::StopAudioStream() called
[2025.02.04-03.31.55:142][316]LogAudioMixer: FMixerPlatformXAudio2::StopAudioStream() called
[2025.02.04-03.31.55:164][316]LogAudio: Display: Audio Device Manager Shutdown
[2025.02.04-03.31.55:167][316]LogWindowsTextInputMethodSystem: Display: IME system deactivated.
[2025.02.04-03.31.55:178][316]LogExit: Preparing to exit.
[2025.02.04-03.31.55:222][316]LogUObjectHash: Compacting FUObjectHashTables data took   0.64ms
[2025.02.04-03.31.56:047][316]LogWorld: UWorld::CleanupWorld for World_0, bSessionEnded=true, bCleanupResources=true
[2025.02.04-03.31.56:161][316]LogDemo: Cleaned up 0 splitscreen connections with owner deletion
[2025.02.04-03.31.56:214][316]LogWorld: UWorld::CleanupWorld for None, bSessionEnded=true, bCleanupResources=true
[2025.02.04-03.31.56:223][316]LogExit: Editor shut down
[2025.02.04-03.31.56:223][316]LogExit: Transaction tracking system shut down
[2025.02.04-03.31.56:900][316]LogExit: Object subsystem successfully closed.
[2025.02.04-03.31.56:910][316]LogShaderCompilers: Display: === FShaderJobCache stats ===
[2025.02.04-03.31.56:910][316]LogShaderCompilers: Display: Total job queries 0, among them cache hits 0 (0.00%)
[2025.02.04-03.31.56:910][316]LogShaderCompilers: Display: Tracking 0 distinct input hashes that result in 0 distinct outputs (0.00%)
[2025.02.04-03.31.56:913][316]LogShaderCompilers: Display: RAM used: 0.00 MB (0.00 GB) of 409.60 MB (0.40 GB) budget. Usage: 0.00%
[2025.02.04-03.31.56:913][316]LogShaderCompilers: Display: ================================================
[2025.02.04-03.31.56:982][316]LogShaderCompilers: Display: Shaders left to compile 0
[2025.02.04-03.31.57:455][316]LogModuleManager: Shutting down and abandoning module HierarchicalLODOutliner (870)
[2025.02.04-03.31.57:455][316]LogModuleManager: Shutting down and abandoning module SceneOutliner (868)
[2025.02.04-03.31.57:456][316]LogModuleManager: Shutting down and abandoning module AddContentDialog (866)
[2025.02.04-03.31.57:464][316]LogModuleManager: Shutting down and abandoning module WidgetCarousel (865)
[2025.02.04-03.31.57:464][316]LogModuleManager: Shutting down and abandoning module EditorWidgets (862)
[2025.02.04-03.31.57:464][316]LogModuleManager: Shutting down and abandoning module StatsViewer (860)
[2025.02.04-03.31.57:464][316]LogModuleManager: Shutting down and abandoning module PIEPreviewDeviceProfileSelector (858)
[2025.02.04-03.31.57:466][316]LogModuleManager: Shutting down and abandoning module SequenceRecorderSections (856)
[2025.02.04-03.31.57:466][316]LogModuleManager: Shutting down and abandoning module AutomationWorker (854)
[2025.02.04-03.31.57:469][316]LogModuleManager: Shutting down and abandoning module SteamVREditor (852)
[2025.02.04-03.31.57:470][316]LogModuleManager: Shutting down and abandoning module OculusMR (850)
[2025.02.04-03.31.57:470][316]LogModuleManager: Shutting down and abandoning module PlanarCut (848)
[2025.02.04-03.31.57:470][316]LogModuleManager: Shutting down and abandoning module CharacterAI (846)
[2025.02.04-03.31.57:470][316]LogModuleManager: Shutting down and abandoning module TakeRecorderSources (844)
[2025.02.04-03.31.57:476][316]LogModuleManager: Shutting down and abandoning module TakeRecorder (843)
[2025.02.04-03.31.57:481][316]LogModuleManager: Shutting down and abandoning module TakeTrackRecorders (840)
[2025.02.04-03.31.57:481][316]LogModuleManager: Shutting down and abandoning module TakesCore (838)
[2025.02.04-03.31.57:481][316]LogModuleManager: Shutting down and abandoning module OpenXRInput (836)
[2025.02.04-03.31.57:482][316]LogModuleManager: Shutting down and abandoning module GooglePADEditor (834)
[2025.02.04-03.31.57:482][316]LogModuleManager: Shutting down and abandoning module AudioCaptureEditor (832)
[2025.02.04-03.31.57:483][316]LogModuleManager: Shutting down and abandoning module TemplateSequenceEditor (830)
[2025.02.04-03.31.57:491][316]LogModuleManager: Shutting down and abandoning module LevelSequenceEditor (828)
[2025.02.04-03.31.57:496][316]LogModuleManager: Shutting down and abandoning module MatineeToLevelSequence (826)
[2025.02.04-03.31.57:497][316]LogModuleManager: Shutting down and abandoning module ActorSequenceEditor (824)
[2025.02.04-03.31.57:499][316]LogModuleManager: Shutting down and abandoning module WmfMediaFactory (822)
[2025.02.04-03.31.57:500][316]LogModuleManager: Shutting down and abandoning module WmfMediaEditor (820)
[2025.02.04-03.31.57:500][316]LogModuleManager: Shutting down and abandoning module WebMMediaFactory (818)
[2025.02.04-03.31.57:501][316]LogModuleManager: Shutting down and abandoning module WebMMediaEditor (816)
[2025.02.04-03.31.57:501][316]LogModuleManager: Shutting down and abandoning module WebMMedia (814)
[2025.02.04-03.31.57:501][316]LogModuleManager: Shutting down and abandoning module MediaPlayerEditor (812)
[2025.02.04-03.31.57:506][316]LogModuleManager: Shutting down and abandoning module MediaCompositingEditor (810)
[2025.02.04-03.31.57:508][316]LogModuleManager: Shutting down and abandoning module SequenceRecorder (809)
[2025.02.04-03.31.57:509][316]LogModuleManager: Shutting down and abandoning module OpenExrWrapper (806)
[2025.02.04-03.31.57:509][316]LogModuleManager: Shutting down and abandoning module ImgMediaFactory (804)
[2025.02.04-03.31.57:509][316]LogModuleManager: Shutting down and abandoning module ImgMediaEditor (802)
[2025.02.04-03.31.57:509][316]LogModuleManager: Shutting down and abandoning module AvfMediaFactory (800)
[2025.02.04-03.31.57:509][316]LogModuleManager: Shutting down and abandoning module AvfMediaEditor (798)
[2025.02.04-03.31.57:509][316]LogModuleManager: Shutting down and abandoning module AndroidMediaFactory (796)
[2025.02.04-03.31.57:509][316]LogModuleManager: Shutting down and abandoning module AndroidMediaEditor (794)
[2025.02.04-03.31.57:510][316]LogModuleManager: Shutting down and abandoning module MagicLeapMediaCodecFactory (792)
[2025.02.04-03.31.57:511][316]LogModuleManager: Shutting down and abandoning module MagicLeapMediaFactory (790)
[2025.02.04-03.31.57:512][316]LogModuleManager: Shutting down and abandoning module MagicLeapMediaEditor (788)
[2025.02.04-03.31.57:512][316]LogModuleManager: Shutting down and abandoning module TextureAlignMode (786)
[2025.02.04-03.31.57:512][316]LogModuleManager: Shutting down and abandoning module BspMode (784)
[2025.02.04-03.31.57:512][316]LogModuleManager: Shutting down and abandoning module GeometryMode (782)
[2025.02.04-03.31.57:513][316]LogModuleManager: Shutting down and abandoning module CameraShakePreviewer (780)
[2025.02.04-03.31.57:514][316]LogModuleManager: Shutting down and abandoning module SmartSnapping (778)
[2025.02.04-03.31.57:514][316]LogModuleManager: Shutting down and abandoning module SessionServices (776)
[2025.02.04-03.31.57:514][316]LogModuleManager: Shutting down and abandoning module MeshPaint (774)
[2025.02.04-03.31.57:515][316]LogModuleManager: Shutting down and abandoning module VirtualTexturingEditor (772)
[2025.02.04-03.31.57:515][316]LogModuleManager: Shutting down and abandoning module FoliageEdit (770)
[2025.02.04-03.31.57:516][316]LogModuleManager: Shutting down and abandoning module LandscapeEditor (768)
[2025.02.04-03.31.57:519][316]LogModuleManager: Shutting down and abandoning module MeshPaintMode (766)
[2025.02.04-03.31.57:519][316]LogModuleManager: Shutting down and abandoning module SceneDepthPickerMode (764)
[2025.02.04-03.31.57:519][316]LogModuleManager: Shutting down and abandoning module ActorPickerMode (762)
[2025.02.04-03.31.57:519][316]LogModuleManager: Shutting down and abandoning module PlacementMode (760)
[2025.02.04-03.31.57:520][316]LogModuleManager: Shutting down and abandoning module ViewportSnapping (758)
[2025.02.04-03.31.57:520][316]LogModuleManager: Shutting down and abandoning module ViewportInteraction (756)
[2025.02.04-03.31.57:520][316]LogModuleManager: Shutting down and abandoning module ClothPainter (754)
[2025.02.04-03.31.57:526][316]LogModuleManager: Shutting down and abandoning module SkeletalMeshEditor (753)
[2025.02.04-03.31.57:530][316]LogModuleManager: Shutting down and abandoning module LogVisualizer (750)
[2025.02.04-03.31.57:534][316]LogModuleManager: Shutting down and abandoning module IntroTutorials (748)
[2025.02.04-03.31.57:535][316]LogModuleManager: Shutting down and abandoning module GameProjectGeneration (747)
[2025.02.04-03.31.57:535][316]LogModuleManager: Shutting down and abandoning module LuminPlatformEditor (744)
[2025.02.04-03.31.57:535][316]LogModuleManager: Shutting down and abandoning module IOSPlatformEditor (742)
[2025.02.04-03.31.57:536][316]LogModuleManager: Shutting down and abandoning module AndroidPlatformEditor (740)
[2025.02.04-03.31.57:536][316]LogModuleManager: Shutting down and abandoning module AndroidDeviceDetection (739)
[2025.02.04-03.31.57:658][316]LogModuleManager: Shutting down and abandoning module WindowsPlatformEditor (736)
[2025.02.04-03.31.57:658][316]LogModuleManager: Shutting down and abandoning module LuminRuntimeSettings (734)
[2025.02.04-03.31.57:658][316]LogModuleManager: Shutting down and abandoning module IOSRuntimeSettings (732)
[2025.02.04-03.31.57:658][316]LogModuleManager: Shutting down and abandoning module AndroidRuntimeSettings (730)
[2025.02.04-03.31.57:658][316]LogModuleManager: Shutting down and abandoning module TraceInsights (728)
[2025.02.04-03.31.57:663][316]MemoryProfiler: Shutdown
[2025.02.04-03.31.57:664][316]NetworkingProfiler: Shutdown
[2025.02.04-03.31.57:664][316]LoadingProfiler: Shutdown
[2025.02.04-03.31.57:664][316]TimingProfiler: Shutdown
[2025.02.04-03.31.57:669][316]LogModuleManager: Shutting down and abandoning module TraceServices (727)
[2025.02.04-03.31.57:670][316]LogModuleManager: Shutting down and abandoning module EditorInteractiveToolsFramework (724)
[2025.02.04-03.31.57:670][316]LogModuleManager: Shutting down and abandoning module TimeManagementEditor (722)
[2025.02.04-03.31.57:671][316]LogModuleManager: Shutting down and abandoning module InputBindingEditor (720)
[2025.02.04-03.31.57:674][316]LogModuleManager: Shutting down and abandoning module MergeActors (718)
[2025.02.04-03.31.57:675][316]LogModuleManager: Shutting down and abandoning module LocalizationDashboard (716)
[2025.02.04-03.31.57:676][316]LogModuleManager: Shutting down and abandoning module LocalizationService (715)
[2025.02.04-03.31.57:678][316]LogModuleManager: Shutting down and abandoning module HardwareTargeting (712)
[2025.02.04-03.31.57:678][316]LogModuleManager: Shutting down and abandoning module DeviceProfileEditor (710)
[2025.02.04-03.31.57:679][316]LogModuleManager: Shutting down and abandoning module UndoHistory (708)
[2025.02.04-03.31.57:683][316]LogModuleManager: Shutting down and abandoning module XmlParser (706)
[2025.02.04-03.31.57:684][316]LogModuleManager: Shutting down and abandoning module Blutility (704)
[2025.02.04-03.31.57:684][316]LogModuleManager: Shutting down and abandoning module ProjectSettingsViewer (702)
[2025.02.04-03.31.57:684][316]LogModuleManager: Shutting down and abandoning module ProjectTargetPlatformEditor (701)
[2025.02.04-03.31.57:686][316]LogModuleManager: Shutting down and abandoning module EditorSettingsViewer (698)
[2025.02.04-03.31.57:687][316]LogModuleManager: Shutting down and abandoning module InternationalizationSettings (697)
[2025.02.04-03.31.57:687][316]LogModuleManager: Shutting down and abandoning module SettingsEditor (694)
[2025.02.04-03.31.57:689][316]LogModuleManager: Shutting down and abandoning module ProjectLauncher (692)
[2025.02.04-03.31.57:691][316]LogModuleManager: Shutting down and abandoning module SessionFrontend (690)
[2025.02.04-03.31.57:691][316]LogModuleManager: Shutting down and abandoning module ProfilerClient (688)
[2025.02.04-03.31.57:692][316]LogModuleManager: Shutting down and abandoning module DeviceManager (686)
[2025.02.04-03.31.57:693][316]LogModuleManager: Shutting down and abandoning module TargetDeviceServices (685)
[2025.02.04-03.31.57:728][316]LogModuleManager: Shutting down and abandoning module AutomationController (682)
[2025.02.04-03.31.57:729][316]LogModuleManager: Shutting down and abandoning module AutomationWindow (680)
[2025.02.04-03.31.57:729][316]LogModuleManager: Shutting down and abandoning module Layers (678)
[2025.02.04-03.31.57:732][316]LogModuleManager: Shutting down and abandoning module ComponentVisualizers (676)
[2025.02.04-03.31.57:732][316]LogModuleManager: Shutting down and abandoning module DetailCustomizations (674)
[2025.02.04-03.31.57:736][316]LogModuleManager: Shutting down and abandoning module PackagesDialog (672)
[2025.02.04-03.31.57:745][316]LogModuleManager: Shutting down and abandoning module AnimationBlueprintEditor (670)
[2025.02.04-03.31.57:748][316]LogModuleManager: Shutting down and abandoning module Persona (668)
[2025.02.04-03.31.57:750][316]LogModuleManager: Shutting down and abandoning module AdvancedPreviewScene (667)
[2025.02.04-03.31.57:750][316]LogModuleManager: Shutting down and abandoning module AnimGraph (665)
[2025.02.04-03.31.57:751][316]LogModuleManager: Shutting down and abandoning module Kismet (662)
[2025.02.04-03.31.57:756][316]LogModuleManager: Shutting down and abandoning module KismetWidgets (661)
[2025.02.04-03.31.57:756][316]LogModuleManager: Shutting down and abandoning module GraphEditor (658)
[2025.02.04-03.31.57:761][316]LogModuleManager: Shutting down and abandoning module StructViewer (656)
[2025.02.04-03.31.57:764][316]LogModuleManager: Shutting down and abandoning module ClassViewer (654)
[2025.02.04-03.31.57:767][316]LogModuleManager: Shutting down and abandoning module Toolbox (652)
[2025.02.04-03.31.57:771][316]LogModuleManager: Shutting down and abandoning module ModuleUI (650)
[2025.02.04-03.31.57:774][316]LogModuleManager: Shutting down and abandoning module OutputLog (648)
[2025.02.04-03.31.57:774][316]LogModuleManager: Shutting down and abandoning module GammaUI (646)
[2025.02.04-03.31.57:776][316]LogModuleManager: Shutting down and abandoning module Documentation (644)
[2025.02.04-03.31.57:776][316]LogModuleManager: Shutting down and abandoning module LiveCoding (642)
[2025.02.04-03.31.57:780][316]LogModuleManager: Shutting down and abandoning module LevelSequence (640)
[2025.02.04-03.31.57:780][316]LogModuleManager: Shutting down and abandoning module MovieSceneTracks (638)
[2025.02.04-03.31.57:781][316]LogModuleManager: Shutting down and abandoning module MovieScene (636)
[2025.02.04-03.31.57:781][316]LogModuleManager: Shutting down and abandoning module StreamingPauseRendering (634)
[2025.02.04-03.31.57:781][316]LogModuleManager: Shutting down and abandoning module LauncherPlatform (632)
[2025.02.04-03.31.57:782][316]LogModuleManager: Shutting down and abandoning module AnalyticsET (630)
[2025.02.04-03.31.57:782][316]LogModuleManager: Shutting down and abandoning module PortalServices (628)
[2025.02.04-03.31.57:782][316]LogModuleManager: Shutting down and abandoning module PortalRpc (626)
[2025.02.04-03.31.57:782][316]LogModuleManager: Shutting down and abandoning module MessagingRpc (624)
[2025.02.04-03.31.57:782][316]LogModuleManager: Shutting down and abandoning module AudioMixerXAudio2 (622)
[2025.02.04-03.31.57:782][316]LogModuleManager: Shutting down and abandoning module AudioMixerCore (621)
[2025.02.04-03.31.57:782][316]LogModuleManager: Shutting down and abandoning module AIModule (618)
[2025.02.04-03.31.57:784][316]LogModuleManager: Shutting down and abandoning module GameplayDebugger (617)
[2025.02.04-03.31.57:784][316]LogModuleManager: Shutting down and abandoning module AITestSuite (615)
[2025.02.04-03.31.57:790][316]LogModuleManager: Shutting down and abandoning module NavigationSystem (613)
[2025.02.04-03.31.57:790][316]LogModuleManager: Shutting down and abandoning module ImageWriteQueue (610)
[2025.02.04-03.31.57:796][316]LogModuleManager: Shutting down and abandoning module ProfilerService (608)
[2025.02.04-03.31.58:032][316]LogModuleManager: Shutting down and abandoning module TaskGraph (606)
[2025.02.04-03.31.58:033][316]LogModuleManager: Shutting down and abandoning module AudioSynesthesiaEditor (604)
[2025.02.04-03.31.58:033][316]LogModuleManager: Shutting down and abandoning module OculusEditor (602)
[2025.02.04-03.31.58:040][316]LogModuleManager: Shutting down and abandoning module OculusInput (600)
[2025.02.04-03.31.58:040][316]LogModuleManager: Shutting down and abandoning module ContentBrowserFileDataSource (598)
[2025.02.04-03.31.58:040][316]LogModuleManager: Shutting down and abandoning module ContentBrowserClassDataSource (596)
[2025.02.04-03.31.58:040][316]LogModuleManager: Shutting down and abandoning module ContentBrowserAssetDataSource (594)
[2025.02.04-03.31.58:040][316]LogModuleManager: Shutting down and abandoning module CollectionManager (593)
[2025.02.04-03.31.58:041][316]LogModuleManager: Shutting down and abandoning module OpenImageDenoise (590)
[2025.02.04-03.31.58:042][316]LogOpenImageDenoise: OIDN shutting down
[2025.02.04-03.31.58:042][316]LogModuleManager: Shutting down and abandoning module MotoSynthEditor (588)
[2025.02.04-03.31.58:042][316]LogModuleManager: Shutting down and abandoning module MotoSynth (586)
[2025.02.04-03.31.58:042][316]LogModuleManager: Shutting down and abandoning module MeshConversion (584)
[2025.02.04-03.31.58:042][316]LogModuleManager: Shutting down and abandoning module DynamicMesh (582)
[2025.02.04-03.31.58:044][316]LogModuleManager: Shutting down and abandoning module GeometryAlgorithms (580)
[2025.02.04-03.31.58:045][316]LogModuleManager: Shutting down and abandoning module GeometricObjects (578)
[2025.02.04-03.31.58:045][316]LogModuleManager: Shutting down and abandoning module GeometryCollectionTracks (576)
[2025.02.04-03.31.58:045][316]LogModuleManager: Shutting down and abandoning module GeometryCollectionSequencer (575)
[2025.02.04-03.31.58:045][316]LogModuleManager: Shutting down and abandoning module GeometryCollectionEditor (572)
[2025.02.04-03.31.58:046][316]LogModuleManager: Shutting down and abandoning module GeometryCacheTracks (570)
[2025.02.04-03.31.58:046][316]LogModuleManager: Shutting down and abandoning module GeometryCacheStreamer (568)
[2025.02.04-03.31.58:046][316]LogModuleManager: Shutting down and abandoning module GeometryCacheSequencer (566)
[2025.02.04-03.31.58:046][316]LogModuleManager: Shutting down and abandoning module ChaosSolverEditor (564)
[2025.02.04-03.31.58:047][316]LogModuleManager: Shutting down and abandoning module ChaosNiagara (562)
[2025.02.04-03.31.58:047][316]LogModuleManager: Shutting down and abandoning module FractureEditor (560)
[2025.02.04-03.31.58:048][316]LogModuleManager: Shutting down and abandoning module ChaosClothEditor (558)
[2025.02.04-03.31.58:048][316]LogModuleManager: Shutting down and abandoning module BackChannel (556)
[2025.02.04-03.31.58:049][316]LogModuleManager: Shutting down and abandoning module AutomationUtilsEditor (554)
[2025.02.04-03.31.58:049][316]LogModuleManager: Shutting down and abandoning module AutomationUtils (552)
[2025.02.04-03.31.58:049][316]LogModuleManager: Shutting down and abandoning module AlembicImporter (550)
[2025.02.04-03.31.58:049][316]LogModuleManager: Shutting down and abandoning module AlembicLibrary (549)
[2025.02.04-03.31.58:051][316]LogModuleManager: Shutting down and abandoning module GeometryCache (548)
[2025.02.04-03.31.58:051][316]LogModuleManager: Shutting down and abandoning module GeometryCacheEd (547)
[2025.02.04-03.31.58:051][316]LogModuleManager: Shutting down and abandoning module TakeSequencer (542)
[2025.02.04-03.31.58:052][316]LogModuleManager: Shutting down and abandoning module TakeMovieScene (540)
[2025.02.04-03.31.58:052][316]LogModuleManager: Shutting down and abandoning module ScreenshotTools (538)
[2025.02.04-03.31.58:052][316]LogModuleManager: Shutting down and abandoning module SynthesisEditor (536)
[2025.02.04-03.31.58:052][316]LogModuleManager: Shutting down and abandoning module Synthesis (534)
[2025.02.04-03.31.58:054][316]LogModuleManager: Shutting down and abandoning module ProceduralMeshComponentEditor (532)
[2025.02.04-03.31.58:054][316]LogModuleManager: Shutting down and abandoning module ProceduralMeshComponent (530)
[2025.02.04-03.31.58:054][316]LogModuleManager: Shutting down and abandoning module OpenXREditor (528)
[2025.02.04-03.31.58:055][316]LogModuleManager: Shutting down and abandoning module MobilePatchingUtils (526)
[2025.02.04-03.31.58:056][316]LogModuleManager: Shutting down and abandoning module GooglePAD (524)
[2025.02.04-03.31.58:056][316]LogModuleManager: Shutting down and abandoning module EditableMesh (522)
[2025.02.04-03.31.58:057][316]LogModuleManager: Shutting down and abandoning module FieldSystemEngine (521)
[2025.02.04-03.31.58:057][316]LogModuleManager: Shutting down and abandoning module CustomMeshComponent (518)
[2025.02.04-03.31.58:057][316]LogModuleManager: Shutting down and abandoning module CableComponent (516)
[2025.02.04-03.31.58:057][316]LogModuleManager: Shutting down and abandoning module AudioCapture (514)
[2025.02.04-03.31.58:057][316]LogModuleManager: Shutting down and abandoning module AudioCaptureRtAudio (513)
[2025.02.04-03.31.58:058][316]LogModuleManager: Shutting down and abandoning module AssetTags (510)
[2025.02.04-03.31.58:058][316]LogModuleManager: Shutting down and abandoning module ArchVisCharacter (508)
[2025.02.04-03.31.58:058][316]LogModuleManager: Shutting down and abandoning module AppleImageUtilsBlueprintSupport (506)
[2025.02.04-03.31.58:058][316]LogModuleManager: Shutting down and abandoning module AppleImageUtils (504)
[2025.02.04-03.31.58:058][316]LogModuleManager: Shutting down and abandoning module AndroidPermission (502)
[2025.02.04-03.31.58:058][316]LogModuleManager: Shutting down and abandoning module ActorLayerUtilitiesEditor (500)
[2025.02.04-03.31.58:059][316]LogModuleManager: Shutting down and abandoning module ActorLayerUtilities (498)
[2025.02.04-03.31.58:059][316]LogModuleManager: Shutting down and abandoning module TemplateSequence (496)
[2025.02.04-03.31.58:059][316]LogModuleManager: Shutting down and abandoning module MediaCompositing (494)
[2025.02.04-03.31.58:059][316]LogModuleManager: Shutting down and abandoning module ImgMedia (492)
[2025.02.04-03.31.58:059][316]LogModuleManager: Shutting down and abandoning module MagicLeapSharedWorld (490)
[2025.02.04-03.31.58:059][316]LogModuleManager: Shutting down and abandoning module MagicLeapLightEstimation (488)
[2025.02.04-03.31.58:059][316]LogModuleManager: Shutting down and abandoning module MagicLeapHelperVulkan (486)
[2025.02.04-03.31.58:059][316]LogModuleManager: Shutting down and abandoning module MagicLeapHelperOpenGL (484)
[2025.02.04-03.31.58:059][316]LogModuleManager: Shutting down and abandoning module MagicLeapAudio (482)
[2025.02.04-03.31.58:059][316]LogModuleManager: Shutting down and abandoning module NiagaraEditorWidgets (480)
[2025.02.04-03.31.58:071][316]LogModuleManager: Shutting down and abandoning module VariantManagerContentEditor (478)
[2025.02.04-03.31.58:071][316]LogModuleManager: Shutting down and abandoning module DatasmithContentEditor (476)
[2025.02.04-03.31.58:072][316]LogModuleManager: Shutting down and abandoning module SpeedTreeImporter (474)
[2025.02.04-03.31.58:072][316]LogModuleManager: Shutting down and abandoning module PluginBrowser (472)
[2025.02.04-03.31.58:074][316]LogModuleManager: Shutting down and abandoning module MobileLauncherProfileWizard (470)
[2025.02.04-03.31.58:075][316]LogModuleManager: Shutting down and abandoning module MaterialAnalyzer (468)
[2025.02.04-03.31.58:076][316]LogModuleManager: Shutting down and abandoning module CurveEditorTools (466)
[2025.02.04-03.31.58:081][316]LogModuleManager: Shutting down and abandoning module CryptoKeysOpenSSL (464)
[2025.02.04-03.31.58:081][316]LogModuleManager: Shutting down and abandoning module CryptoKeys (462)
[2025.02.04-03.31.58:081][316]LogModuleManager: Shutting down and abandoning module VisualStudioSourceCodeAccess (460)
[2025.02.04-03.31.58:081][316]LogModuleManager: Shutting down and abandoning module VisualStudioCodeSourceCodeAccess (458)
[2025.02.04-03.31.58:084][316]LogModuleManager: Shutting down and abandoning module UObjectPlugin (456)
[2025.02.04-03.31.58:084][316]LogModuleManager: Shutting down and abandoning module SubversionSourceControl (454)
[2025.02.04-03.31.58:090][316]LogModuleManager: Shutting down and abandoning module RiderSourceCodeAccess (452)
[2025.02.04-03.31.58:091][316]LogModuleManager: Shutting down and abandoning module PluginUtils (450)
[2025.02.04-03.31.58:091][316]LogModuleManager: Shutting down and abandoning module PlasticSourceControl (448)
[2025.02.04-03.31.58:093][316]LogModuleManager: Shutting down and abandoning module PerforceSourceControl (446)
[2025.02.04-03.31.58:095][316]LogModuleManager: Shutting down and abandoning module GitSourceControl (444)
[2025.02.04-03.31.58:095][316]LogModuleManager: Shutting down and abandoning module SourceControl (443)
[2025.02.04-03.31.58:096][316]LogModuleManager: Shutting down and abandoning module CLionSourceCodeAccess (440)
[2025.02.04-03.31.58:096][316]LogModuleManager: Shutting down and abandoning module AnimationSharingEd (438)
[2025.02.04-03.31.58:096][316]LogModuleManager: Shutting down and abandoning module OodleNetworkHandlerComponent (436)
[2025.02.04-03.31.58:096][316]LogModuleManager: Shutting down and abandoning module LiveLinkSequencer (434)
[2025.02.04-03.31.58:096][316]LogModuleManager: Shutting down and abandoning module LiveLinkMovieScene (432)
[2025.02.04-03.31.58:096][316]LogModuleManager: Shutting down and abandoning module LiveLinkGraphNode (430)
[2025.02.04-03.31.58:096][316]LogModuleManager: Shutting down and abandoning module LiveLinkEditor (428)
[2025.02.04-03.31.58:098][316]LogModuleManager: Shutting down and abandoning module LiveLinkComponents (426)
[2025.02.04-03.31.58:098][316]LogModuleManager: Shutting down and abandoning module LiveLink (424)
[2025.02.04-03.31.58:264][316]LogModuleManager: Shutting down and abandoning module LightPropagationVolumeEditor (422)
[2025.02.04-03.31.58:264][316]LogModuleManager: Shutting down and abandoning module PaperTiledImporter (420)
[2025.02.04-03.31.58:264][316]LogModuleManager: Shutting down and abandoning module PaperSpriteSheetImporter (418)
[2025.02.04-03.31.58:264][316]LogModuleManager: Shutting down and abandoning module Paper2DEditor (416)
[2025.02.04-03.31.58:269][316]LogModuleManager: Shutting down and abandoning module MeshPaintingToolset (414)
[2025.02.04-03.31.58:269][316]LogModuleManager: Shutting down and abandoning module MeshPaintEditorMode (412)
[2025.02.04-03.31.58:269][316]LogModuleManager: Shutting down and abandoning module PythonScriptPlugin (410)
[2025.02.04-03.31.58:270][316]LogModuleManager: Shutting down and abandoning module SoundFields (408)
[2025.02.04-03.31.58:270][316]LogModuleManager: Shutting down and abandoning module SignificanceManager (406)
[2025.02.04-03.31.58:270][316]LogModuleManager: Shutting down and abandoning module RuntimePhysXCooking (404)
[2025.02.04-03.31.58:270][316]LogModuleManager: Shutting down and abandoning module PropertyAccessEditor (402)
[2025.02.04-03.31.58:272][316]LogModuleManager: Shutting down and abandoning module PhysXVehiclesEditor (400)
[2025.02.04-03.31.58:272][316]LogModuleManager: Shutting down and abandoning module LocationServicesBPLibrary (396)
[2025.02.04-03.31.58:272][316]LogModuleManager: Shutting down and abandoning module AudioSynesthesia (394)
[2025.02.04-03.31.58:272][316]LogModuleManager: Shutting down and abandoning module AudioSynesthesiaCore (392)
[2025.02.04-03.31.58:272][316]LogModuleManager: Shutting down and abandoning module ActorSequence (390)
[2025.02.04-03.31.58:272][316]LogModuleManager: Shutting down and abandoning module UdpMessaging (388)
[2025.02.04-03.31.58:373][316]LogModuleManager: Shutting down and abandoning module TcpMessaging (386)
[2025.02.04-03.31.58:475][316]LogModuleManager: Shutting down and abandoning module ImgMediaEngine (384)
[2025.02.04-03.31.58:475][316]LogModuleManager: Shutting down and abandoning module MagicLeapARPin (382)
[2025.02.04-03.31.58:475][316]LogModuleManager: Shutting down and abandoning module MagicLeapHandMeshing (380)
[2025.02.04-03.31.58:476][316]LogModuleManager: Shutting down and abandoning module MagicLeapSecureStorage (378)
[2025.02.04-03.31.58:476][316]LogModuleManager: Shutting down and abandoning module MagicLeapPrivileges (376)
[2025.02.04-03.31.58:477][316]LogModuleManager: Shutting down and abandoning module MagicLeapPlanes (374)
[2025.02.04-03.31.58:478][316]LogMagicLeapPlanes: Planes tracker already destroyed.
[2025.02.04-03.31.58:478][316]LogModuleManager: Shutting down and abandoning module MagicLeapImageTracker (372)
[2025.02.04-03.31.58:478][316]LogModuleManager: Shutting down and abandoning module MagicLeapIdentity (370)
[2025.02.04-03.31.58:478][316]LogModuleManager: Shutting down and abandoning module MagicLeapHandTracking (368)
[2025.02.04-03.31.58:478][316]LogModuleManager: Shutting down and abandoning module MagicLeapEyeTracker (366)
[2025.02.04-03.31.58:478][316]LogModuleManager: Shutting down and abandoning module MagicLeapController (364)
[2025.02.04-03.31.58:479][316]LogModuleManager: Shutting down and abandoning module MagicLeapARPinImpl (362)
[2025.02.04-03.31.58:479][316]LogModuleManager: Shutting down and abandoning module MagicLeapAR (360)
[2025.02.04-03.31.58:479][316]LogModuleManager: Shutting down and abandoning module NiagaraAnimNotifies (358)
[2025.02.04-03.31.58:479][316]LogModuleManager: Shutting down and abandoning module Niagara (356)
[2025.02.04-03.31.58:483][316]LogModuleManager: Shutting down and abandoning module SignalProcessing (355)
[2025.02.04-03.31.58:483][316]LogModuleManager: Shutting down and abandoning module NiagaraEditor (353)
[2025.02.04-03.31.58:486][316]LogModuleManager: Shutting down and abandoning module NiagaraCore (350)
[2025.02.04-03.31.58:486][316]LogModuleManager: Shutting down and abandoning module GameplayTagsEditor (348)
[2025.02.04-03.31.58:486][316]LogModuleManager: Shutting down and abandoning module FacialAnimationEditor (346)
[2025.02.04-03.31.58:486][316]LogModuleManager: Shutting down and abandoning module FacialAnimation (344)
[2025.02.04-03.31.58:486][316]LogModuleManager: Shutting down and abandoning module DataValidation (342)
[2025.02.04-03.31.58:488][316]LogModuleManager: Shutting down and abandoning module AssetManagerEditor (340)
[2025.02.04-03.31.58:489][316]LogModuleManager: Shutting down and abandoning module LevelEditor (339)
[2025.02.04-03.31.58:502][316]LogModuleManager: Shutting down and abandoning module PixelInspectorModule (338)
[2025.02.04-03.31.58:503][316]LogModuleManager: Shutting down and abandoning module CommonMenuExtensions (336)
[2025.02.04-03.31.58:504][316]LogModuleManager: Shutting down and abandoning module MainFrame (334)
[2025.02.04-03.31.58:504][316]LogModuleManager: Shutting down and abandoning module HotReload (333)
[2025.02.04-03.31.58:506][316]LogModuleManager: Shutting down and abandoning module ToolMenus (329)
[2025.02.04-03.31.58:506][316]LogModuleManager: Shutting down and abandoning module ContentBrowser (327)
[2025.02.04-03.31.58:506][316]LogModuleManager: Shutting down and abandoning module ContentBrowserData (326)
[2025.02.04-03.31.58:506][316]LogModuleManager: Shutting down and abandoning module TreeMap (323)
[2025.02.04-03.31.58:508][316]LogModuleManager: Shutting down and abandoning module PropertyAccessNode (320)
[2025.02.04-03.31.58:508][316]LogModuleManager: Shutting down and abandoning module AnimationSharing (318)
[2025.02.04-03.31.58:508][316]LogModuleManager: Shutting down and abandoning module GameplayCameras (316)
[2025.02.04-03.31.58:508][316]LogModuleManager: Shutting down and abandoning module LightPropagationVolumeRuntime (314)
[2025.02.04-03.31.58:508][316]LogModuleManager: Shutting down and abandoning module EnvironmentQueryEditor (312)
[2025.02.04-03.31.58:512][316]LogModuleManager: Shutting down and abandoning module Paper2D (310)
[2025.02.04-03.31.58:512][316]LogModuleManager: Shutting down and abandoning module WindowsMoviePlayer (308)
[2025.02.04-03.31.58:515][316]LogModuleManager: Shutting down and abandoning module WebMMoviePlayer (306)
[2025.02.04-03.31.58:515][316]LogModuleManager: Shutting down and abandoning module NetworkReplayStreaming (304)
[2025.02.04-03.31.58:515][316]LogModuleManager: Shutting down and abandoning module PacketHandler (302)
[2025.02.04-03.31.58:515][316]LogModuleManager: Shutting down and abandoning module ClothingSystemEditor (300)
[2025.02.04-03.31.58:515][316]LogModuleManager: Shutting down and abandoning module ClothingSystemRuntimeNv (298)
[2025.02.04-03.31.58:521][316]LogModuleManager: Shutting down and abandoning module MediaAssets (296)
[2025.02.04-03.31.58:523][316]LogModuleManager: Shutting down and abandoning module Overlay (294)
[2025.02.04-03.31.58:523][316]LogModuleManager: Shutting down and abandoning module OverlayEditor (293)
[2025.02.04-03.31.58:523][316]LogModuleManager: Shutting down and abandoning module VREditor (290)
[2025.02.04-03.31.58:523][316]LogModuleManager: Shutting down and abandoning module StringTableEditor (288)
[2025.02.04-03.31.58:524][316]LogModuleManager: Shutting down and abandoning module GameplayTasksEditor (286)
[2025.02.04-03.31.58:524][316]LogModuleManager: Shutting down and abandoning module BehaviorTreeEditor (284)
[2025.02.04-03.31.58:526][316]LogModuleManager: Shutting down and abandoning module FunctionalTesting (282)
[2025.02.04-03.31.58:527][316]LogModuleManager: Shutting down and abandoning module CollisionAnalyzer (280)
[2025.02.04-03.31.58:531][316]LogModuleManager: Shutting down and abandoning module WorkspaceMenuStructure (279)
[2025.02.04-03.31.58:538][316]LogModuleManager: Shutting down and abandoning module UMG (276)
[2025.02.04-03.31.58:538][316]LogModuleManager: Shutting down and abandoning module UMGEditor (275)
[2025.02.04-03.31.58:540][316]LogModuleManager: Shutting down and abandoning module MessageLog (273)
[2025.02.04-03.31.58:540][316]LogModuleManager: Shutting down and abandoning module SlateReflector (268)
[2025.02.04-03.31.58:544][316]LogModuleManager: Shutting down and abandoning module Slate (266)
[2025.02.04-03.31.58:544][316]LogModuleManager: Shutting down and abandoning module SlateCore (264)
[2025.02.04-03.31.58:546][316]LogModuleManager: Shutting down and abandoning module LandscapeEditorUtilities (262)
[2025.02.04-03.31.58:546][316]LogModuleManager: Shutting down and abandoning module UnrealEd (260)
[2025.02.04-03.31.58:546][316]LogModuleManager: Shutting down and abandoning module MRMesh (258)
[2025.02.04-03.31.58:546][316]LogModuleManager: Shutting down and abandoning module SourceCodeAccess (256)
[2025.02.04-03.31.58:546][316]LogModuleManager: Shutting down and abandoning module HeadMountedDisplay (254)
[2025.02.04-03.31.58:547][316]LogModuleManager: Shutting down and abandoning module XAudio2 (252)
[2025.02.04-03.31.58:548][316]LogModuleManager: Shutting down and abandoning module Networking (250)
[2025.02.04-03.31.58:548][316]LogModuleManager: Shutting down and abandoning module Core (248)
[2025.02.04-03.31.58:548][316]LogModuleManager: Shutting down and abandoning module MaterialEditor (246)
[2025.02.04-03.31.58:549][316]LogModuleManager: Shutting down and abandoning module MovieSceneTools (244)
[2025.02.04-03.31.58:552][316]LogModuleManager: Shutting down and abandoning module CurveEditor (243)
[2025.02.04-03.31.58:557][316]LogModuleManager: Shutting down and abandoning module Sequencer (241)
[2025.02.04-03.31.58:558][316]LogModuleManager: Shutting down and abandoning module EditorStyle (240)
[2025.02.04-03.31.58:568][316]LogModuleManager: Shutting down and abandoning module KismetCompiler (236)
[2025.02.04-03.31.58:568][316]LogModuleManager: Shutting down and abandoning module MeshBuilder (234)
[2025.02.04-03.31.58:569][316]LogModuleManager: Shutting down and abandoning module MeshUtilities (232)
[2025.02.04-03.31.58:570][316]LogModuleManager: Shutting down and abandoning module MeshMergeUtilities (231)
[2025.02.04-03.31.58:572][316]LogModuleManager: Shutting down and abandoning module MeshReductionInterface (230)
[2025.02.04-03.31.58:572][316]LogModuleManager: Shutting down and abandoning module MeshBoneReduction (229)
[2025.02.04-03.31.58:572][316]LogModuleManager: Shutting down and abandoning module SkeletalMeshReduction (227)
[2025.02.04-03.31.58:574][316]LogModuleManager: Shutting down and abandoning module ProxyLODMeshReduction (225)
[2025.02.04-03.31.58:580][316]LogModuleManager: Shutting down and abandoning module QuadricMeshReduction (223)
[2025.02.04-03.31.58:580][316]LogModuleManager: Shutting down and abandoning module MaterialBaking (219)
[2025.02.04-03.31.58:581][316]LogModuleManager: Shutting down and abandoning module NullInstallBundleManager (214)
[2025.02.04-03.31.58:581][316]LogModuleManager: Shutting down and abandoning module DerivedDataCache (212)
[2025.02.04-03.31.58:582][316]LogModuleManager: Shutting down and abandoning module TargetPlatform (210)
[2025.02.04-03.31.58:583][316]LogModuleManager: Shutting down and abandoning module VulkanShaderFormat (209)
[2025.02.04-03.31.58:588][316]LogModuleManager: Shutting down and abandoning module ShaderFormatVectorVM (207)
[2025.02.04-03.31.58:588][316]LogModuleManager: Shutting down and abandoning module ShaderFormatOpenGL (205)
[2025.02.04-03.31.58:589][316]LogModuleManager: Shutting down and abandoning module ShaderFormatD3D (203)
[2025.02.04-03.31.58:591][316]LogModuleManager: Shutting down and abandoning module MetalShaderFormat (201)
[2025.02.04-03.31.58:593][316]LogModuleManager: Shutting down and abandoning module TextureFormatOodle (199)
[2025.02.04-03.31.58:593][316]LogModuleManager: Shutting down and abandoning module TextureFormatUncompressed (197)
[2025.02.04-03.31.58:593][316]LogModuleManager: Shutting down and abandoning module TextureFormatPVR (195)
[2025.02.04-03.31.58:593][316]LogModuleManager: Shutting down and abandoning module TextureFormatETC2 (193)
[2025.02.04-03.31.58:593][316]LogModuleManager: Shutting down and abandoning module TextureFormatDXT (191)
[2025.02.04-03.31.58:593][316]LogModuleManager: Shutting down and abandoning module TextureFormatIntelISPCTexComp (189)
[2025.02.04-03.31.58:596][316]LogModuleManager: Shutting down and abandoning module TextureFormatASTC (187)
[2025.02.04-03.31.58:596][316]LogModuleManager: Shutting down and abandoning module ImageWrapper (186)
[2025.02.04-03.31.58:596][316]LogModuleManager: Shutting down and abandoning module AudioFormatOpus (183)
[2025.02.04-03.31.58:597][316]LogModuleManager: Shutting down and abandoning module AudioFormatOgg (181)
[2025.02.04-03.31.58:597][316]LogModuleManager: Shutting down and abandoning module AudioFormatADPCM (179)
[2025.02.04-03.31.58:597][316]LogModuleManager: Shutting down and abandoning module WindowsServerTargetPlatform (177)
[2025.02.04-03.31.58:597][316]LogModuleManager: Shutting down and abandoning module WindowsClientTargetPlatform (175)
[2025.02.04-03.31.58:597][316]LogModuleManager: Shutting down and abandoning module WindowsTargetPlatform (173)
[2025.02.04-03.31.58:597][316]LogModuleManager: Shutting down and abandoning module WindowsNoEditorTargetPlatform (171)
[2025.02.04-03.31.58:598][316]LogModuleManager: Shutting down and abandoning module TVOSTargetPlatform (169)
[2025.02.04-03.31.58:602][316]LogModuleManager: Shutting down and abandoning module MacServerTargetPlatform (167)
[2025.02.04-03.31.58:602][316]LogModuleManager: Shutting down and abandoning module MacClientTargetPlatform (165)
[2025.02.04-03.31.58:602][316]LogModuleManager: Shutting down and abandoning module MacTargetPlatform (163)
[2025.02.04-03.31.58:602][316]LogModuleManager: Shutting down and abandoning module MacNoEditorTargetPlatform (161)
[2025.02.04-03.31.58:602][316]LogModuleManager: Shutting down and abandoning module LuminTargetPlatform (159)
[2025.02.04-03.31.58:607][316]LogModuleManager: Shutting down and abandoning module LinuxAArch64ServerTargetPlatform (157)
[2025.02.04-03.31.58:607][316]LogModuleManager: Shutting down and abandoning module LinuxAArch64ClientTargetPlatform (155)
[2025.02.04-03.31.58:607][316]LogModuleManager: Shutting down and abandoning module LinuxAArch64NoEditorTargetPlatform (153)
[2025.02.04-03.31.58:608][316]LogModuleManager: Shutting down and abandoning module LinuxServerTargetPlatform (151)
[2025.02.04-03.31.58:609][316]LogModuleManager: Shutting down and abandoning module LinuxClientTargetPlatform (149)
[2025.02.04-03.31.58:612][316]LogModuleManager: Shutting down and abandoning module LinuxNoEditorTargetPlatform (147)
[2025.02.04-03.31.58:613][316]LogModuleManager: Shutting down and abandoning module LinuxTargetPlatform (145)
[2025.02.04-03.31.58:613][316]LogModuleManager: Shutting down and abandoning module Messaging (143)
[2025.02.04-03.31.58:613][316]LogModuleManager: Shutting down and abandoning module IOSTargetPlatform (141)
[2025.02.04-03.31.58:616][316]LogModuleManager: Shutting down and abandoning module AndroidTargetPlatform (139)
[2025.02.04-03.31.58:627][316]LogModuleManager: Shutting down and abandoning module AllDesktopTargetPlatform (137)
[2025.02.04-03.31.58:627][316]LogModuleManager: Shutting down and abandoning module D3D11RHI (134)
[2025.02.04-03.31.58:627][316]LogModuleManager: Shutting down and abandoning module InputCore (132)
[2025.02.04-03.31.58:627][316]LogModuleManager: Shutting down and abandoning module Settings (130)
[2025.02.04-03.31.58:627][316]LogModuleManager: Shutting down and abandoning module DirectoryWatcher (128)
[2025.02.04-03.31.58:628][316]LogModuleManager: Shutting down and abandoning module PhysXCooking (126)
[2025.02.04-03.31.58:628][316]LogModuleManager: Shutting down and abandoning module Chaos (124)
[2025.02.04-03.31.58:629][316]LogModuleManager: Shutting down and abandoning module WindowsPlatformFeatures (122)
[2025.02.04-03.31.58:629][316]LogModuleManager: Shutting down and abandoning module GameplayMediaEncoder (121)
[2025.02.04-03.31.58:630][316]LogModuleManager: Shutting down and abandoning module AVEncoder (120)
[2025.02.04-03.31.58:631][316]LogModuleManager: Shutting down and abandoning module SteamVRInputDevice (116)
[2025.02.04-03.31.58:633][316]LogModuleManager: Shutting down and abandoning module SteamVRInput (114)
[2025.02.04-03.31.58:633][316]LogModuleManager: Shutting down and abandoning module SteamVR (112)
[2025.02.04-03.31.58:633][316]LogHMD: Freeing OpenVRDLLHandle.
[2025.02.04-03.31.58:633][316]LogModuleManager: Shutting down and abandoning module OculusHMD (110)
[2025.02.04-03.31.58:633][316]LogModuleManager: Shutting down and abandoning module ChaosCloth (108)
[2025.02.04-03.31.58:634][316]LogModuleManager: Shutting down and abandoning module OpenXRHandTracking (106)
[2025.02.04-03.31.58:635][316]LogSlate: Slate User Destroyed.  User Index 0, Is Virtual User: 0
[2025.02.04-03.31.58:635][316]LogModuleManager: Shutting down and abandoning module OpenXREyeTracker (104)
[2025.02.04-03.31.58:635][316]LogModuleManager: Shutting down and abandoning module OpenXRAR (102)
[2025.02.04-03.31.58:636][316]LogModuleManager: Shutting down and abandoning module AugmentedReality (101)
[2025.02.04-03.31.58:636][316]LogModuleManager: Shutting down and abandoning module OpenXRHMD (98)
[2025.02.04-03.31.58:643][316]LogModuleManager: Shutting down and abandoning module ExampleDeviceProfileSelector (96)
[2025.02.04-03.31.58:643][316]LogModuleManager: Shutting down and abandoning module ChunkDownloader (94)
[2025.02.04-03.31.58:644][316]LogModuleManager: Shutting down and abandoning module LauncherChunkInstaller (92)
[2025.02.04-03.31.58:644][316]LogModuleManager: Shutting down and abandoning module OnlineBlueprintSupport (90)
[2025.02.04-03.31.58:644][316]LogModuleManager: Shutting down and abandoning module OnlineSubsystem (86)
[2025.02.04-03.31.58:651][316]LogModuleManager: Shutting down and abandoning module XMPP (81)
[2025.02.04-03.31.58:652][316]LogModuleManager: Shutting down and abandoning module WebSockets (80)
[2025.02.04-03.31.58:685][316]LogModuleManager: Shutting down and abandoning module HTTP (77)
[2025.02.04-03.31.58:685][316]LogHttp: Display: Http module shutting down, but needs to wait on 1 outstanding Http requests:
[2025.02.04-03.31.58:685][316]LogHttp: Display: 	verb=[POST] url=[https://datarouter.ol.epicgames.com/datarouter/api/v1/public/data?SessionID=%7B50CC7CD8-47CE-5921-DEC3-208FB3010819%7D&AppID=UEEditor.Rocket.Release&AppVersion=4.27.2-18319896%2B%2B%2BUE4%2BRelease-4.27&UserID=c6c724434fc77edc28fb78b8982a1514%7Ce4dfcb906612440983bd32d7a688e4b8%7C10bbab80-cba4-46a1-aaea-d348a156a40b&AppEnvironment=datacollector-binary&UploadType=eteventstream] refs=[1] status=Processing
[2025.02.04-03.31.58:685][316]LogHttp: Display: cleaning up 1 outstanding Http requests.
[2025.02.04-03.31.58:690][316]LogModuleManager: Shutting down and abandoning module SSL (76)
[2025.02.04-03.31.58:696][316]LogModuleManager: Shutting down and abandoning module WmfMedia (72)
[2025.02.04-03.31.58:701][316]LogModuleManager: Shutting down and abandoning module Media (71)
[2025.02.04-03.31.58:702][316]LogModuleManager: Shutting down and abandoning module MediaInfo (70)
[2025.02.04-03.31.58:702][316]LogModuleManager: Shutting down and abandoning module ExrReaderGpu (66)
[2025.02.04-03.31.58:702][316]LogModuleManager: Shutting down and abandoning module MLSDK (64)
[2025.02.04-03.31.58:702][316]LogModuleManager: Shutting down and abandoning module MagicLeap (62)
[2025.02.04-03.31.58:702][316]LogModuleManager: Shutting down and abandoning module NiagaraVertexFactories (60)
[2025.02.04-03.31.58:702][316]LogModuleManager: Shutting down and abandoning module NiagaraShader (58)
[2025.02.04-03.31.58:702][316]LogModuleManager: Shutting down and abandoning module VariantManagerContent (56)
[2025.02.04-03.31.58:702][316]LogModuleManager: Shutting down and abandoning module DatasmithContent (54)
[2025.02.04-03.31.58:703][316]LogModuleManager: Shutting down and abandoning module PixWinPlugin (52)
[2025.02.04-03.31.58:703][316]LogModuleManager: Shutting down and abandoning module AISupportModule (50)
[2025.02.04-03.31.58:703][316]LogModuleManager: Shutting down and abandoning module DesktopPlatform (48)
[2025.02.04-03.31.58:707][316]LogModuleManager: Shutting down and abandoning module PythonScriptPluginPreload (46)
[2025.02.04-03.31.58:708][316]LogModuleManager: Shutting down and abandoning module PlatformCryptoOpenSSL (44)
[2025.02.04-03.31.58:708][316]LogModuleManager: Shutting down and abandoning module PlatformCryptoTypes (42)
[2025.02.04-03.31.58:708][316]LogModuleManager: Shutting down and abandoning module PlatformCrypto (40)
[2025.02.04-03.31.58:708][316]LogModuleManager: Shutting down and abandoning module OodleDataCompressionFormat (38)
[2025.02.04-03.31.58:708][316]LogModuleManager: Shutting down and abandoning module XGEController (36)
[2025.02.04-03.31.58:709][316]LogModuleManager: Shutting down and abandoning module AnimationModifiers (34)
[2025.02.04-03.31.58:709][316]LogModuleManager: Shutting down and abandoning module AudioEditor (32)
[2025.02.04-03.31.58:716][316]LogModuleManager: Shutting down and abandoning module PropertyEditor (31)
[2025.02.04-03.31.58:721][316]LogModuleManager: Shutting down and abandoning module TextureCompressor (28)
[2025.02.04-03.31.58:724][316]LogModuleManager: Shutting down and abandoning module RenderCore (26)
[2025.02.04-03.31.58:724][316]LogModuleManager: Shutting down and abandoning module Landscape (24)
[2025.02.04-03.31.58:724][316]LogModuleManager: Shutting down and abandoning module SlateRHIRenderer (22)
[2025.02.04-03.31.58:729][316]LogModuleManager: Shutting down and abandoning module AnimGraphRuntime (20)
[2025.02.04-03.31.58:729][316]LogModuleManager: Shutting down and abandoning module Renderer (18)
[2025.02.04-03.31.58:731][316]LogModuleManager: Shutting down and abandoning module Engine (16)
[2025.02.04-03.31.58:731][316]LogModuleManager: Shutting down and abandoning module CoreUObject (14)
[2025.02.04-03.31.58:731][316]LogModuleManager: Shutting down and abandoning module NetworkFile (12)
[2025.02.04-03.31.58:732][316]LogModuleManager: Shutting down and abandoning module CookedIterativeFile (10)
[2025.02.04-03.31.58:732][316]LogModuleManager: Shutting down and abandoning module StreamingFile (8)
[2025.02.04-03.31.58:732][316]LogModuleManager: Shutting down and abandoning module SandboxFile (6)
[2025.02.04-03.31.58:733][316]LogModuleManager: Shutting down and abandoning module PakFile (4)
[2025.02.04-03.31.58:736][316]LogModuleManager: Shutting down and abandoning module RSA (3)
[2025.02.04-03.31.58:736][316]LogContentStreaming: Display: There are 1 unreleased StreamingManagers
[2025.02.04-03.31.58:748][316]LogD3D11RHI: Shutdown
[2025.02.04-03.31.58:748][316]LogD3D11RHI: CleanupD3DDevice
[2025.02.04-03.31.58:799][316]LogD3D11RHI: Intel Extensions Framework unloaded
[2025.02.04-03.31.58:818][316]LogD3D11RHI: [IntelMetricsDiscovery] Stopped
[2025.02.04-03.31.58:818][316]LogExit: Exiting.
[2025.02.04-03.31.58:828][316]Log file closed, 02/03/25 22:31:58
